nombre_usuario,password_hash,rol,email,socio_id,entrenador_id,activo,fecha_creacion,ultimo_acceso
castroangela,811b41c6b9497f139e1e9bbe6d783d6a0dbe0ac89b4e087c7f4295977eda3dcf,Recepcionista,mjohnson@hotmail.com,,,0,2025-11-20 21:20:20,2025-10-29 18:05:05
wattsmiranda,aa1ec7f1f4aa052be7819ddd38decb79cba7d92af33fb419b5c23bcd70475978,Entrenador,karataylor@hotmail.com,,43,0,2025-11-20 21:20:20,2025-11-08 13:07:59
scasey,4571e744f417c4c37f77d0c3badbf04b4f206d770b9293128abeba7e0d9ff2bf,Entrenador,franklinshelley@yahoo.com,,69,1,2025-11-20 21:20:20,2025-11-15 18:34:08
chelseawhite,669880e709194c5fe13042cc3e389ea4a095661a4880822d0a69f4045b41cc92,Administrador,jacksonrichard@green.biz,,,0,2025-11-20 21:20:20,2025-11-09 04:03:43
georgebarr,63f86c9d3d2d4f739d9293a1b2b21bde0f3f6f22b21701de0b32bb384b460dfd,Administrador,daviesscott@maxwell.com,,,1,2025-11-20 21:20:20,2025-10-30 11:58:41
susan05,288a88756ac5c36a5628c46c0183c3111529b156f5fe13c9804b963c5f8ecaf2,Recepcionista,dgonzalez@yahoo.com,,,1,2025-11-20 21:20:20,2025-10-31 23:58:26
brownlisa,3a89e18d68d20f2a1890657ac2c6bfd7043a53e42b508521ac5e572cb4e90dc7,Recepcionista,combschristopher@yahoo.com,,,0,2025-11-20 21:20:20,2025-10-26 21:24:06
csimon,43f23c661572b99b29149f7453536f8ea3c1928765f108c747b0e8118e1c447a,Entrenador,devoncarroll@wallace.biz,,40,0,2025-11-20 21:20:20,2025-10-24 19:33:21
timothyperry,91ecaf4ea1aa3280bd46be09eb8097163a03862257658cfa317ff9984e2758a0,Entrenador,sanchezlisa@reid.info,,59,0,2025-11-20 21:20:20,2025-11-13 11:51:20
wfreeman,0b30577793cb314a96b5daf852e9ae318ad27473537811289c6baf1ac9bbe797,Entrenador,cmccullough@yahoo.com,,64,0,2025-11-20 21:20:20,2025-11-20 16:03:26
jennifer89,64e8edfe9253a6744cc72ac45e957588c35327d9bc9ec39482bb881f1f1fa158,Entrenador,donna17@davis-king.net,,54,1,2025-11-20 21:20:20,2025-10-28 12:23:23
veronica48,4a1f006dd13ac8a2ae52ae8d8a738de1972e09298934cf1395da48475d2a0076,Recepcionista,mariaho@hotmail.com,,,1,2025-11-20 21:20:20,2025-10-24 01:20:51
kellylaura,52c3cc9eb41cdf575de830d613a6d613e590606e25882a1b8d7f90af7d92db22,Administrador,ymorris@gmail.com,,,1,2025-11-20 21:20:20,2025-10-21 21:45:07
kaitlinwatson,576b7ea32bc5e0110f32b1ce0baf6e5dec2cb231b34007c22dac9764b27223fe,Socio,brentbarry@gmail.com,62,,1,2025-11-20 21:20:20,2025-10-22 02:48:59
janicemunoz,321211300daafc3168af393478246f83b5b56e35b3bcc1d542a7a06021d69468,Recepcionista,thill@ray.info,,,1,2025-11-20 21:20:20,2025-11-17 05:37:59
alexanderallen,435de7f6e35499fa89da940fd3aa3baa08d46f78612d6b0057dc03c7d2d5074f,Socio,fitzgeraldpamela@roberts-salinas.net,100,,0,2025-11-20 21:20:20,2025-11-10 16:11:22
sonya68,2e0b23593d5e48a6ed4d1de4320a4d6bc9f12387e39218539ac98015cc0fe4c3,Administrador,tara85@hotmail.com,,,0,2025-11-20 21:20:20,2025-10-26 01:25:25
andreweverett,759272f8274c5d2dbe47579ccc79e4f5e6fbe3cae60090643c5b176e97bd15b4,Recepcionista,jordanrobinson@yahoo.com,,,1,2025-11-20 21:20:20,2025-11-04 01:37:24
craigjoshua,fc6352b4f2ab5d38c4f3386d62bacdc74d4232d8bf863e3938d370b00ad2e979,Recepcionista,lewisadam@gmail.com,,,0,2025-11-20 21:20:20,2025-10-29 23:47:01
xriley,8d0ea66653efd88f627f6dd429f6db448bbc7d3a69fc96808fca20b1b2f20a32,Socio,andreagarcia@hotmail.com,9,,1,2025-11-20 21:20:20,2025-11-01 08:45:14
jensenrobert,05717be7248928dbfcd83c80b4b6343f997213fc9e6ef47c14dac5fb456ec63f,Socio,joshuacarroll@yahoo.com,35,,1,2025-11-20 21:20:20,2025-11-15 10:54:49
rickyhunter,cc30bb60effaa5c2bb11fd22737bfbbb84d016dbcd2454acecc3942f51cfd63c,Entrenador,wuchristopher@jordan-wong.com,,79,0,2025-11-20 21:20:20,2025-11-15 08:32:43
sheilamontgomery,6176efa1699796ece33daeda3845866bc5a0061a4094cbc34265f2e847ffc8bf,Entrenador,mary37@simon-bowen.org,,97,0,2025-11-20 21:20:20,2025-11-01 13:53:34
hyoung,db7bdf925ae65e73a5ffe9685d03895f1c56b981f075fd518b531b18379290f9,Entrenador,markshaw@gmail.com,,90,1,2025-11-20 21:20:20,2025-11-17 07:49:04
melvin13,a5811ba1e40a4ddda5f12f677b83e1043545840cf06366df40c4b94367abe8a8,Recepcionista,theresagarcia@potts-morris.com,,,1,2025-11-20 21:20:20,2025-10-31 06:55:26
xturner,7336876c5336f7186769cd4d563aaaf3f6ba4d138b03cffc9d4100d31accf47b,Socio,dunntoni@dean.com,7,,0,2025-11-20 21:20:20,2025-11-11 08:52:50
stuartjesus,6c3e81914b35e9dcb88548e5ab9b1b3f75aad338e0dfd98dbe876b20950b6c7d,Entrenador,michellehernandez@yahoo.com,,85,1,2025-11-20 21:20:20,2025-11-19 02:13:11
pshea,fd7b2eb23f34d4992b38923b73c874d61b5485fc59e519074e0d04da580e911c,Recepcionista,douglasdavis@yahoo.com,,,1,2025-11-20 21:20:20,2025-10-29 08:38:48
larrysmith,2b86030c533eaa7ac610b6be88ebe1d1e30286a7d29f6d32498406c58e2e5607,Recepcionista,karengarrison@gmail.com,,,1,2025-11-20 21:20:20,2025-10-30 05:58:19
zachary19,cd14dcbcb112dc29582d47f72f6d12a6cd2e65527cfd8dd374ac4ec4c6abf2b9,Socio,flemingpaul@gmail.com,80,,1,2025-11-20 21:20:20,2025-10-31 20:08:02
cynthiasmith,5a34d7692e39a1ae5c780ef0a30ec0ddbec126639ded7a563c46272bbfe6c953,Recepcionista,robinhurley@perez.biz,,,0,2025-11-20 21:20:20,2025-11-12 12:55:33
alexander84,a39ef8f51146628efdc58deda85a4cc211dcc9a0e9f31ac3156ffc9f19eb498e,Socio,lawrence71@gmail.com,97,,1,2025-11-20 21:20:20,2025-11-14 22:24:36
davisderek,1c316ed838b99d6b3f93c367bf7e1879ab7450b41e069d839742c17bd7b83d71,Entrenador,melissalynch@yahoo.com,,73,0,2025-11-20 21:20:20,2025-11-06 06:31:55
richardolson,16cfe9c98f6c5833f7bda52ed34a7fef4a28da4b9014296f9aac1419c63be7b1,Administrador,joshuajackson@hester.com,,,1,2025-11-20 21:20:20,2025-11-01 04:37:40
dennis02,c2c14e48997151edeb51f4a6e06314ff7626c04940ce41a4e89ee4411d792222,Entrenador,kelly91@walker.com,,6,0,2025-11-20 21:20:20,2025-11-06 11:08:52
rochoa,e8eeb4ba89a34058927945120ee8f652d70cfb42bf0702d1e8fd0fc102a8b4ed,Entrenador,jdavis@hotmail.com,,2,0,2025-11-20 21:20:20,2025-11-16 13:54:12
tnovak,14721280f76b15816e3251a3c3f05fe3137986ad4111ffca01aacc3bca50cf68,Recepcionista,gary44@dunn.biz,,,0,2025-11-20 21:20:20,2025-11-18 02:49:09
ggilbert,c5a9137d13ab3a6872cde5dc46381e3f12bf894a47581e62a3e6c016b76e4fe7,Administrador,coffeycindy@yahoo.com,,,0,2025-11-20 21:20:20,2025-11-07 23:36:24
isaacgardner,671e011ab3ed53d05b9b5b8ab7674d798eede8f32b17af0e7486184962cfd3e2,Recepcionista,henry70@yahoo.com,,,1,2025-11-20 21:20:20,2025-11-18 15:26:24
smyers,662fd2fcb7fee35994e8306006570cb1252b5495c87493ddbd0387def310720b,Entrenador,ueverett@burton.com,,3,0,2025-11-20 21:20:20,2025-11-05 21:46:21
oturner,63a464e7dfc7bf820eccd0a21ded81321180bcdf5a74db64250ca415ef6144f7,Administrador,michaelmoore@hall.com,,,1,2025-11-20 21:20:20,2025-11-04 08:28:22
julia53,4344f108d6bc205b551867d732f8db15b1b785d923bebaddb07c6a42e459b49d,Entrenador,timothythompson@swanson.com,,24,1,2025-11-20 21:20:20,2025-11-20 04:15:12
shelby08,6e0e466afa497e0544c3acad465444e0e21e9580f122e023e1cced54feb4c8b1,Administrador,amythomas@yahoo.com,,,1,2025-11-20 21:20:20,2025-10-30 09:02:47
amccall,f5ed7454b5050a4205e160a57ba127a29256f3e91774b4cfae792a44fcd96457,Entrenador,kayla60@jimenez.info,,57,0,2025-11-20 21:20:20,2025-11-13 15:48:35
morenokatie,4e31ac4ec0d32786b1294b04c01805066030d8388d36e7ed5e2998b3a5bb728b,Administrador,marymay@gmail.com,,,0,2025-11-20 21:20:20,2025-10-29 11:56:37
lynnmiller,60c22c4ef7b8fb8534bd982663857505d854c56fc52fe691c689c8afa317e41d,Recepcionista,lmiller@hotmail.com,,,1,2025-11-20 21:20:20,2025-11-19 21:14:47
alex74,0d3f7f2c9c2357632603cecc08788f79b8572ceeeff6de0df34eda04a4eba57d,Recepcionista,butlernicholas@jackson.org,,,1,2025-11-20 21:20:20,2025-11-11 08:01:36
murphyrobert,5af991086198dfdf0a7d90bf179bce008f5f4c5f5a5f5362e0ee91cb4bf7e656,Recepcionista,carlsonanthony@cooper.com,,,1,2025-11-20 21:20:20,2025-11-03 00:34:08
woodthomas,ca29eab71977decc8c8c467386fb6153e6db18937f547d174c9a0002aef6d030,Socio,fmcintyre@johnston-davidson.com,29,,1,2025-11-20 21:20:20,2025-11-06 07:37:12
micheledurham,063ca2939f05421191874622ac6fcbc5d61a795cb2ae3dce30013be44ffafc2f,Administrador,xsantos@taylor.com,,,1,2025-11-20 21:20:20,2025-10-28 05:53:34
vhiggins,a0a7ae96ce2dd4463cc7b51b8341c5cac33610f69a8de0622c8025c6951b26e2,Recepcionista,gregory44@hotmail.com,,,1,2025-11-20 21:20:20,2025-11-17 23:58:04
richard18,31fccddbaea53d03af33b73abd55d6906a0dc6d3b80ed88265da69effb556d29,Administrador,lthompson@smith-wade.info,,,1,2025-11-20 21:20:20,2025-11-03 18:43:08
qbryant,33df26068b19a285c7153b95b98bc0fb92b89d52f080d815932a7ed2a83f2b1c,Socio,smithtravis@yahoo.com,80,,1,2025-11-20 21:20:20,2025-11-05 18:08:19
brandonevans,6ae4fe8de0fb6c7a849fc112d563ae520752ff0a2f4553abfbd058718a83a81d,Administrador,irice@yahoo.com,,,1,2025-11-20 21:20:20,2025-10-31 16:26:43
millerkaren,747b873b251f9dceef029dfa4f976ddc078da891db7df3327e926ec2a42d7982,Administrador,fvasquez@hotmail.com,,,0,2025-11-20 21:20:20,2025-10-28 01:31:44
stephaniesimmons,f3e5b1028bb136700a1b448909129d39c4b61010e819d43cf11178ed86f8f39f,Recepcionista,ljackson@conrad-lee.com,,,0,2025-11-20 21:20:20,2025-11-07 06:50:28
mitchell30,709aea5570d4e9ddca67ff161340b9408905b202cee56e61f47f42c97372585c,Socio,ybarnes@yahoo.com,71,,1,2025-11-20 21:20:20,2025-10-26 00:35:09
wevans,65a34592ece4ca9d6c4c9d7ad6b5e564a14b5eb536c7dc14c2db0f1e94aacde5,Recepcionista,tbailey@harvey.com,,,0,2025-11-20 21:20:20,2025-10-24 04:55:42
davidsantana,6d1ab1882a9e7b76a127dda17c10b323326585e216cb6387afb73cd3628b71df,Socio,sparksjason@gmail.com,17,,0,2025-11-20 21:20:20,2025-11-17 03:37:17
wmartinez,542ed5fd4b601eb05152f1ca9304113d6d5150531d6f38aee320c061d66048ce,Recepcionista,michael70@garrison-turner.info,,,0,2025-11-20 21:20:20,2025-11-18 06:02:48
wgarcia,edafbed82a2ccc173f4e02b730d2a22432303a57f0428ae48b3b8624870d282e,Entrenador,delgadodonna@watkins.com,,81,1,2025-11-20 21:20:20,2025-10-31 13:35:27
pmoon,16653eb836b8381ff41e5d47c582d238c559bb41b437f5d6c38eafc858fdc9f0,Socio,dwinters@hotmail.com,63,,0,2025-11-20 21:20:20,2025-11-20 19:16:25
diana36,7b3ac13f2663dbc6c59e95e9cf1c2bef66fa9861249bdcfe114dfc9b802ace93,Socio,pwalker@castillo.biz,7,,0,2025-11-20 21:20:20,2025-11-03 08:57:51
bsmith,0cc57aeda983f13f44b09d13894ce42537df4e74e42f628cc7d57b1cdb7abc39,Recepcionista,cheryl45@gmail.com,,,0,2025-11-20 21:20:20,2025-11-10 07:56:17
mhoward,be73c34c992d128c5f81c1883879cbbbc763c14115b357e4816dbae231311f8b,Recepcionista,jacksonnathan@gmail.com,,,1,2025-11-20 21:20:20,2025-11-16 20:04:26
kwashington,c2edfbccefbdd3183d7fe1470b089ababf17d3c2a1569f5889ffa6bc099240b5,Entrenador,timothypena@gmail.com,,64,0,2025-11-20 21:20:20,2025-11-14 14:31:58
mjackson,1db8ca894dced301fbfd7d562511bde39402982cfb63b8964c33d8fe80752928,Entrenador,john54@yahoo.com,,74,1,2025-11-20 21:20:20,2025-11-04 00:10:54
trevor55,0f00e357cec7aa9eb53e193aef4bcc79e067abac16bf1ecde7967ae1e750dd0a,Socio,qrivers@yahoo.com,20,,0,2025-11-20 21:20:20,2025-10-29 05:41:21
georgemark,611640b35324dee4c800a3aa1c41a51daf79cc1faecd443663dac226ae98242f,Socio,hillmelanie@horton.info,43,,0,2025-11-20 21:20:20,2025-11-17 02:28:02
sabrina57,0c24fd517291b3505d9112549e2039ec40a910092979d179b83794b0302eec00,Socio,ecunningham@lindsey.org,77,,1,2025-11-20 21:20:20,2025-10-29 18:11:53
john27,ee187accf21f57e027053eb68231edaf056cd1ed50a0d483990f585d1151061c,Administrador,stonejacqueline@burnett-ewing.org,,,1,2025-11-20 21:20:20,2025-11-08 01:34:04
bergkyle,23cb9a21893a8d6b5e46ce192fe7edbdf7a3ab22c38ca1cc9fab6854c0e41984,Recepcionista,christophercarroll@hotmail.com,,,1,2025-11-20 21:20:20,2025-11-20 19:34:44
michael81,e88f97dcf86d4f6659a492268184689a518a4fb4f418cf5a82419c580de4a47e,Administrador,thompsonjuan@gmail.com,,,0,2025-11-20 21:20:20,2025-10-29 10:41:22
katrina24,f6a0d7c7d08cfcac88d1610d309f2f7978780420add3f30d70ea2b2a8f97a677,Entrenador,karendean@palmer.com,,25,1,2025-11-20 21:20:20,2025-10-24 14:37:30
lindsaytran,87609effb83551069f6438a544ab43b7449c7609d26cad638450bac198b3bc68,Recepcionista,maria19@hotmail.com,,,0,2025-11-20 21:20:20,2025-11-18 20:09:01
carellano,4e8b1bcc378a8efd202dde9e72faed2a1ed791a7bba3f3075c8df4e110bf25a9,Administrador,gmoran@hooper.com,,,1,2025-11-20 21:20:20,2025-10-25 18:12:56
jgoodwin,97a0054d87939896a03eb2fd666e7622fa486fd95f1d105ec21b24a6a42cc1c6,Entrenador,parkeramanda@cooper-reynolds.biz,,26,1,2025-11-20 21:20:20,2025-10-26 11:58:22
christopher31,2e992d48ab7d0abe12ec513a963f5b681e388078cad85bfaa5aff4b542b19b2a,Recepcionista,john81@gmail.com,,,1,2025-11-20 21:20:20,2025-11-12 16:05:06
whiteheadjuan,a964fed97cd77d0518b5cd1bb18d24bf087b545ce5e8eab65906df21e5629681,Entrenador,schroedermark@gmail.com,,29,0,2025-11-20 21:20:20,2025-11-11 16:28:40
jeffreyyork,46b9e5d0e217ee1884d33589443e7d70ebf00d3612e5d364a65a8e7df00c943a,Administrador,mooremichael@archer.org,,,1,2025-11-20 21:20:20,2025-10-29 15:22:25
jonathancooper,6e621f419241d4f644915f5cc60c25975f9f433813330fc7aa15d9f3a5f7f76c,Recepcionista,maryweeks@yahoo.com,,,0,2025-11-20 21:20:20,2025-11-09 07:28:14
avilatimothy,5850861df90fdd21b77203525c5ac313d62ca1a068e6f21ab74950b99c22dd18,Recepcionista,kreese@hotmail.com,,,1,2025-11-20 21:20:20,2025-11-12 15:59:30
kimberly77,b3ba4f808138321d4fd254ad80153e6e7d1e33411f2614d0e78e4c82951a9013,Socio,moorelauren@yahoo.com,30,,0,2025-11-20 21:20:20,2025-11-13 10:08:24
pamela69,1c4bee5939fd613a505700efdbce38475cecd1937fc38a2a3b7af47ee39ba493,Recepcionista,james45@mitchell-moore.com,,,0,2025-11-20 21:20:20,2025-10-25 17:26:50
travis61,d134bd6aa76ec9ac151aa8ff5bc4c0824af512bd2ae042f460b2ea5d30f040ab,Administrador,caitlinchan@gmail.com,,,1,2025-11-20 21:20:20,2025-11-17 23:27:51
amywilson,eef1ab8e5395deea4d4e45dfe2f0bc725e9f2cabc5dafacd4c3fb88c6e88f997,Recepcionista,gmaldonado@griffin.org,,,0,2025-11-20 21:20:20,2025-10-22 09:17:21
petersonjudy,bcb9c451792cdba8dcc5d5ea2309ddca5a450ce25729700b288733ac309cde44,Socio,amykennedy@yahoo.com,30,,1,2025-11-20 21:20:20,2025-11-03 21:35:24
christine04,2e149fb43b4c640015efb025a61771a5343bde4b77e8bf2105a2c604e10fdcb8,Socio,mitchell08@glass.com,92,,1,2025-11-20 21:20:20,2025-11-17 18:07:49
mjohnson,fe7640f4cb6ecb614b9d825c2966212eb22b775c49d67bc49fc10d99d07a16ef,Entrenador,wrodriguez@davis-davis.com,,16,0,2025-11-20 21:20:20,2025-11-18 10:58:48
mjennings,d697408996a4b4f6be7dacc920258f98db52626edcaf5787b4d6877f9b93ae41,Entrenador,sharon86@armstrong.com,,41,1,2025-11-20 21:20:20,2025-11-14 04:29:56
frank88,ea3d88b69d1b2da59cd9bb10a551a65d0a86a76c76b8a349e3bdb019153fd541,Recepcionista,laurentaylor@yahoo.com,,,1,2025-11-20 21:20:20,2025-11-05 15:52:38
pwilson,2b4bd66bdf045af9cd9f6fb6ea3084b4daeedb8324b6f7999de1c57488d5ce64,Administrador,dcasey@yahoo.com,,,1,2025-11-20 21:20:20,2025-11-14 16:39:18
gabrielle32,8cc83c52e79eab34ef5c460388199854ebeec1b5328020132d137d9904ee48e5,Recepcionista,chrismiddleton@hotmail.com,,,0,2025-11-20 21:20:20,2025-10-25 03:53:04
jesse72,513dc3a8fbf30132ba3a828959472474843b09dc9d935502ed3947c11d9db443,Administrador,mckenzieharris@gmail.com,,,0,2025-11-20 21:20:20,2025-10-23 01:25:19
kristinaclark,d81aff0a34e1626ee6ce3456549b37eb842d6a02a6040ad9b52b19afdfd11fa1,Entrenador,loriroman@rodriguez.com,,61,1,2025-11-20 21:20:20,2025-11-04 09:05:14
rachelwatkins,03841833ae39305b2f9b7b2f46e74d31dddf4e38bd6fcc33d206833c6170ff7e,Socio,nyoung@gmail.com,16,,1,2025-11-20 21:20:20,2025-11-07 14:50:33
juanpayne,896de5b7b2a319f0bc0001bc918674ab707d3ac774319e78567835b57fd00649,Entrenador,kboyd@hotmail.com,,54,1,2025-11-20 21:20:20,2025-10-27 14:38:43
rmadden,a9b17c056b9c0d539b4c2a6d94bde1e8a54b7d386f98f56229e7b3d2715cc8d5,Entrenador,danielle@mendoza.com,,39,1,2025-11-20 21:20:20,2025-11-07 03:45:21
gramirez,fc2578753e5f8a461a5f1de647ebc334f1bdb8b7004c839dd63ad5914ab3ce97,Entrenador,carol01@bullock.biz,,48,0,2025-11-20 21:20:20,2025-11-05 15:09:25
cfrazier,3df1f1ca8326c3fa8dc792a9c516b67ed79ddf09722ddaa7999afd7bd8519a32,Socio,jasonwilliams@thomas.com,91,,0,2025-11-20 21:20:20,2025-11-06 03:19:03
ramirezdale,0365d5166c60d5eb8156551ad71bfa3c02386cdb72e085b47e7301140582c055,Recepcionista,mholden@hotmail.com,,,1,2025-11-20 21:20:20,2025-10-22 16:48:28
bryan47,5820f03e3f91af00d0e8277db001dbdac1711bea5b347091776f6407da48e1a6,Administrador,roberto83@yahoo.com,,,1,2025-11-20 21:20:20,2025-11-02 15:25:39
normankenneth,643dfeec2ef92e37eeb8c1b4ee54f3f02b6d07b4f576099c9beca8aaf7519f06,Recepcionista,campbellcarolyn@yahoo.com,,,0,2025-11-20 21:20:20,2025-10-25 17:49:58
pschmidt,4c825e8d3612c73a4c24200a08a238528b22d9654ada4b5a2b1b51d10f6e3994,Socio,luis35@livingston-delgado.net,41,,0,2025-11-20 21:20:20,2025-11-20 10:44:49
rodriguezsarah,3e3365fdbeb6b77c09894cc8905d4706ae08aca019aaef7acef9460503ffe11c,Entrenador,nancy22@hotmail.com,,91,0,2025-11-20 21:20:20,2025-11-09 01:46:52
desiree52,0728866dbfc469d57dc9f47a63292f8c299c50333f02e350e3b48ee1a5a23649,Socio,eroy@gmail.com,58,,0,2025-11-20 21:20:20,2025-11-01 13:39:10
timothy11,583cf52acc968c8775f2a7b7f1cdacdcba460e9ef12039040a53c1487a6a637a,Recepcionista,matthew48@nguyen.com,,,0,2025-11-20 21:20:20,2025-11-17 21:57:33
jennifer44,bc68cacf313cdfac81fd2aa0ee987c1f3d5225768ed12ef74e69820963a5ca18,Recepcionista,rickypollard@gmail.com,,,1,2025-11-20 21:20:20,2025-11-19 15:22:29
hernandezbrandi,b234f456fa87fd8bd50240aec6569dff2e061d6a3c9fe8b52d481d8ed2efa18e,Administrador,kimberly75@hawkins.biz,,,0,2025-11-20 21:20:20,2025-10-27 01:01:24
franciscogarrison,8ac5d162c17ce40c670c174ca1505865ddb160c72ddb28b6f5ef9463dd248d16,Socio,scott46@ruiz.org,33,,0,2025-11-20 21:20:20,2025-11-05 00:53:45
kirk14,7a818ffaadd5913d76aba116130518f97e002b6d9d48588ce5650361f3c2ba97,Administrador,danielrobinson@yahoo.com,,,0,2025-11-20 21:20:20,2025-10-29 11:20:48
irwinzachary,176ec7f492d836f033c7623325c3388bb2bda5b05c3c6da90202627701ac5e6f,Recepcionista,weekssteven@lyons.net,,,1,2025-11-20 21:20:20,2025-10-25 21:44:26
bakerashley,495f9c52e776b3598bf79b81f7bd7c9abe567949d09fcadd65684fa2315167d7,Socio,cassandra43@hotmail.com,46,,1,2025-11-20 21:20:20,2025-10-30 07:58:41
joshuagibson,7bed98462487338a5d4142e58fb069df518e15945dd570d712560e4f0d812e0d,Administrador,riosseth@hotmail.com,,,1,2025-11-20 21:20:20,2025-10-25 22:05:40
adam75,9f0d772a260d7200fdd5c37b0766ce9abbe556dc6a94bc536b91cfaf872aacb7,Entrenador,jonathan64@shelton.com,,17,0,2025-11-20 21:20:20,2025-11-19 15:01:51
christopherhunt,71a938f695fab4bf40d14e34a465499a291513b856aad979981f264e8b822d26,Recepcionista,paul26@gmail.com,,,0,2025-11-20 21:20:20,2025-11-08 08:44:26
ihunter,460fed6a11334ca23717e68a5f48bc3bff2e4f2bd8cf87d700dc3297955c2c3f,Recepcionista,john06@yahoo.com,,,1,2025-11-20 21:20:20,2025-11-18 12:15:16
marksjasmine,224d26d0ad53e6e7f5cb38f76dd5f0538ca9c2adc03f54a0956c77a710b59479,Recepcionista,natashaalvarez@gmail.com,,,1,2025-11-20 21:20:20,2025-11-12 04:50:11
ugarrett,ed756c846e83bb193b92fea6d0de33d6f5888e3b753b69d06aa3831424df9309,Socio,emma57@hotmail.com,78,,0,2025-11-20 21:20:20,2025-10-22 02:01:44
nicholas14,228037ab0ae818112ba6752d6ea220e4e4a9c018a88e823e731a5b0379196442,Entrenador,eugene08@smith-moon.com,,13,1,2025-11-20 21:20:20,2025-11-03 17:32:23
hunteryolanda,40952c1cc8ce5a7e1247606e7397ae3bcb45f8b1c8fd2bf178da228b58aff0ad,Socio,brittany85@lee.com,83,,0,2025-11-20 21:20:20,2025-11-11 23:53:11
adam39,fefb565f36873aa41d35119fdd9dd90dfd74a3bd6c5a8b005a4d3d2ff3f548c0,Recepcionista,debramartin@yahoo.com,,,1,2025-11-20 21:20:20,2025-11-19 18:03:55
summersruth,f8c67b95edf4f459d0866989a50dd19becd069f3b8144aef79bf2d8a4a2c4fe7,Administrador,rebecca45@gmail.com,,,0,2025-11-20 21:20:20,2025-11-09 12:17:42
connie03,1cae7bc1e8856105992b37e80be9af7d6eaea3fa0679d6c7ca0fda3e099fb9f6,Administrador,robertnelson@obrien.info,,,0,2025-11-20 21:20:20,2025-11-02 16:50:12
lowerydouglas,b6989dc4e7f308d296fb60d7dc5ea377b191d49dd5a24f84cd44fa01bfc7a43a,Recepcionista,kathryn51@herrera.com,,,0,2025-11-20 21:20:20,2025-11-11 18:56:02
andersonalyssa,d53bf67c440ea2523ced347fd6b030b4c690227fc0d6fc21c9d655ad8b78869c,Entrenador,jamesdaniels@gmail.com,,37,1,2025-11-20 21:20:20,2025-10-28 07:32:22
ehorn,12cc5462e0aa32b45ee608114c7edd2bb0464b9fd0e781ac1b790d80de82a12e,Entrenador,kevin06@hotmail.com,,99,1,2025-11-20 21:20:20,2025-11-02 13:36:48
ocallahan,c0aae1c80fd9c4d7fe89858caab854b355be143ac41e0e08451568360c5e1157,Administrador,qwashington@chen.com,,,1,2025-11-20 21:20:20,2025-11-17 01:49:24
hannahgonzales,4974378cbc78c47ec6d81ababd57333d177d5fde46caef533b62b7c0330f2c73,Recepcionista,cooperamy@yahoo.com,,,0,2025-11-20 21:20:20,2025-10-22 16:59:48
richardjohnson,0144883933a7c8fdb5bb7a39e16e8c90ae7716bdca37c991143339c16aab5aa2,Entrenador,thomas66@gmail.com,,39,1,2025-11-20 21:20:20,2025-11-11 07:05:46
weberjamie,c83f5f755a19655dcd1c626b4b1d575c443f1ced5094cfee35e1a273b538957c,Entrenador,cunninghamrachel@hotmail.com,,79,1,2025-11-20 21:20:20,2025-11-11 03:50:46
david83,391c52db616466b55f4612600e7f76ec6dd79637259fbbdc58eb767a9a278f41,Socio,kristinterrell@yahoo.com,24,,0,2025-11-20 21:20:20,2025-11-02 15:09:01
diane58,4dfad4627e31df3094c7f16e5d09049ad1bd0072f9fb206f5a386c6d0da4647f,Recepcionista,brandonharper@jones-reyes.info,,,1,2025-11-20 21:20:20,2025-11-19 23:06:08
juliedunn,b03ff2d03daf9b17685ec7bf8a5aa50c70cfc4d4a911dcce597e9f7776e2fe21,Entrenador,wrojas@yahoo.com,,10,1,2025-11-20 21:20:20,2025-11-10 01:46:16
wilsonelizabeth,0aa6d88c30dd867c348f0f0fa2b69dfb02015327e3ad8d49099378e2c6f8f38d,Recepcionista,angela03@mathews.biz,,,0,2025-11-20 21:20:20,2025-10-23 06:59:37
glenn70,7a3f0efbde1d49b608814bafcac43a0ed1ee7f8c2342f0be9ced9534c72e3fe0,Socio,nmorse@tran.com,61,,1,2025-11-20 21:20:20,2025-11-03 12:55:04
christinele,d6d84af6e8f9a254fcee2db9ac3677bc042d93c2f27d7877d8ce362a33c18d44,Socio,jonathan56@williams.com,77,,0,2025-11-20 21:20:20,2025-11-10 11:27:26
gonzalesjoshua,0c694aa83c6e5ec077ad2893b2db5511ac5a0c8490f9ba8ebc4373c8a5c44606,Administrador,amy84@barry.net,,,0,2025-11-20 21:20:20,2025-11-18 14:33:43
rachel38,5bc6b06931916691d5560f60c6e86a3b29bd274e8e59d9a9bcbb07643c4e7e1d,Administrador,qwalker@black.biz,,,0,2025-11-20 21:20:20,2025-10-27 23:06:22
amber11,514e0f2e97e5d35baf8ca8fae0efb7d0080cf093d195dd8188f63013c5c992ac,Administrador,eball@yahoo.com,,,0,2025-11-20 21:20:20,2025-11-12 22:10:06
psantos,8e16a6475518722f4fc9aa0ce6591b26b0b4840b03d85aa23bf4a36c1968e7ad,Recepcionista,bdavidson@harris-clements.com,,,0,2025-11-20 21:20:20,2025-11-08 17:53:50
taylor22,c05a6e7e9a0ae76e79f76ba11fde8358ae1f5366f99549745ec3f07e2198e0f2,Recepcionista,iferrell@yahoo.com,,,0,2025-11-20 21:20:20,2025-10-30 19:30:05
patrick14,795a3f59268828c551da9ad75c990f2f5499a5a14dafd9b8fb956a9648e0e8cd,Administrador,muelleramy@yahoo.com,,,0,2025-11-20 21:20:20,2025-11-05 07:09:30
asharp,30afb436d6c516d522a7dd53c21f6da323137bac2bd9009ecdf6f181e31b6ed2,Administrador,laurachang@mathis.net,,,0,2025-11-20 21:20:20,2025-10-30 18:26:28
wardjulian,bfefa87c1aaeb0d391eeab6417b754b39cf409e72e2f41df4c7bf8e63defe71d,Recepcionista,kylenewton@gmail.com,,,0,2025-11-20 21:20:20,2025-11-06 20:05:02
ihernandez,15006c013f35bb49ce4a6679a30b7b8e2c39394030de7cfdffab8097abb952d5,Entrenador,anthony93@white.biz,,89,1,2025-11-20 21:20:20,2025-10-25 12:47:47
castillojonathan,0af538e6eaf8517daab68c733c8221dd01517efb7560c9b80a42d5a74c28af18,Administrador,ycruz@joyce.info,,,1,2025-11-20 21:20:20,2025-11-09 08:22:41
wreilly,3af31910998fa99e5e7ee23409d1c6309452529005f0784037c9f3053d588610,Socio,gweber@campbell.com,8,,0,2025-11-20 21:20:20,2025-11-18 04:18:27
david61,e0f7fd7ce7cbd6dad545b9a71791ae9ba00b76c4908dc88adbcafc13c3ac7cab,Entrenador,morrowjonathan@yahoo.com,,65,1,2025-11-20 21:20:20,2025-11-16 11:03:12
lauracombs,9336c33ce07892bd0548b5a31f2cb139830f8850475ac49f9664a0fe311095e0,Socio,chandlertracey@gmail.com,66,,0,2025-11-20 21:20:20,2025-11-11 16:38:34
mrice,9506d7b4c45dc70476ec1210722d226435ef7f896e4fb08e68c6ee9494e85082,Socio,castillowilliam@edwards.biz,83,,0,2025-11-20 21:20:20,2025-11-01 07:01:43
yjohnston,732ae05b91119eb67e71ad3824243c5c4582c1f19cc2efcd6be7323c08e26dbf,Recepcionista,forbessonya@kent.com,,,1,2025-11-20 21:20:20,2025-11-17 09:50:48
melissajenkins,506c33af10a07e83bc295ad061c55b7e030c00cd32cc344062277216465e3185,Administrador,michael98@hotmail.com,,,0,2025-11-20 21:20:20,2025-11-01 07:07:56
hdiaz,e4989f3801b23f76efced48576a35ee00ca3fec71f40ae45776c235f083ffae7,Socio,jared93@dickerson.com,63,,1,2025-11-20 21:20:20,2025-11-01 16:38:25
andrewseric,797c701e9db62f7e308f3cd9379bbee0815f1d5f99f579707bc4614e78017f2f,Administrador,brentlong@tanner-montgomery.com,,,1,2025-11-20 21:20:20,2025-10-26 17:58:58
taylorjaime,ee6d03a40f49077654c01aa9a4077aad8b626eb3fc6adadf7d829b5ad8cf300e,Recepcionista,hoffmanjacob@williams-king.com,,,0,2025-11-20 21:20:20,2025-11-13 04:03:55
zavila,cace96bc6a15342a9ad79579484300a18929066e1ac072af4ed0377eccd93329,Recepcionista,emcfarland@hotmail.com,,,0,2025-11-20 21:20:20,2025-11-09 05:49:29
lclark,6ed4ea2dc6fbbc5a779d8160c88b150b894c7e0b2b97dd2d1301f47abcf389c5,Administrador,susan88@rodriguez-mendoza.com,,,0,2025-11-20 21:20:20,2025-11-01 14:42:45
fking,0b95ecb3106da6a55b7ad70ce7788502dc574a68e720c149a6b88518e8766cc3,Administrador,roliver@hartman.com,,,0,2025-11-20 21:20:20,2025-10-21 23:17:04
meltonrobert,1178a5e8ebf7931aa06431203fe0f8da8b9f71713577c052b2dd5db9e5bfc0fe,Socio,oliverjoseph@williams.info,48,,1,2025-11-20 21:20:20,2025-10-30 22:00:05
brandy04,d5631a8aed7af06edce39d41b93603f7f9ec393f3c860dbc16f1afc25dea11bb,Entrenador,autumn21@yahoo.com,,93,0,2025-11-20 21:20:20,2025-11-20 05:08:46
bbanks,d51d52bfdb16b73b7b99d4bf3b3d5a6548cbdb5522777dd3991d79d3faca81f4,Administrador,joshua97@sims-ferguson.net,,,1,2025-11-20 21:20:20,2025-11-02 23:17:02
anncampbell,6205db15a757a94608cfabe5c6bcc69515e0b2e3d22ceec74eda43940fb7996f,Entrenador,sharonsimmons@gmail.com,,28,1,2025-11-20 21:20:20,2025-10-22 02:10:27
chelseabeck,3f7cabf3f822b8868641a78d52c28362b18de8d54d47fb1055074da12117e2d6,Entrenador,donald02@romero-smith.biz,,40,0,2025-11-20 21:20:20,2025-10-23 23:29:55
courtneyrice,15e81eced5260f768751c23a12fd563a57814e7de1235c0c8117c349f75ad541,Socio,diane22@deleon.com,75,,0,2025-11-20 21:20:20,2025-11-01 17:01:54
ydickson,f3155371afe514d386f6b42b5a68065efebe5486172c33eb7e126a554b473f21,Socio,brandydrake@sawyer.org,75,,1,2025-11-20 21:20:20,2025-10-26 07:30:44
barrycandace,1590ca75bc7af0290f0e4c4384397336840243e25d2673d8efb2ff3b59b39f72,Recepcionista,annaburns@hotmail.com,,,0,2025-11-20 21:20:20,2025-10-24 10:20:16
middletonstephen,eb57a8cf3bcf58ff350c073233dba4a79dd2bd04c1280b3bdf7e2a7d543499cb,Administrador,wilsonjustin@hotmail.com,,,1,2025-11-20 21:20:20,2025-10-29 03:41:43
adavis,3866dbfc3e5add63c7275080af6c945e29b40eaba130303ba8031d6e9f7d4758,Entrenador,amanda32@ferguson.info,,88,0,2025-11-20 21:20:20,2025-10-25 04:24:16
adamjenkins,f8b01ed388010f8ee43b3a1c76e57f44b8aa394d0ce6241cf72a3948841e1302,Socio,amandabush@wood-alvarado.info,22,,0,2025-11-20 21:20:20,2025-10-28 12:03:03
charles84,2f71e75b96f103f6b13454fe5b1eb1134f9412a8c3223d5f8e27ff27fe11c5d0,Socio,smccoy@barker.org,62,,1,2025-11-20 21:20:20,2025-10-24 09:40:49
timschneider,78c05f4bdc7ca752c97eba4a340cf304cb20619605a335cb4b7c22f8e8ed288d,Recepcionista,elizabeth43@brewer-reilly.net,,,1,2025-11-20 21:20:20,2025-10-31 10:14:51
zrogers,2ebce80c8a0319f13549641e0491a45c5197baa234f64da9ad53ac881e71f244,Socio,jane24@yahoo.com,70,,1,2025-11-20 21:20:20,2025-10-25 22:06:26
marshjoyce,c3b4ae3682bf38eaeae2766f48fb92444eee9a81993c6453b4e08dbe04207035,Recepcionista,crystalallen@gmail.com,,,0,2025-11-20 21:20:20,2025-11-10 22:59:35
kwilson,4be70db51c6510ae8f45467f583eda33cacd4a9fc84a0fbaf5e595b02918601c,Administrador,ddiaz@arnold-bailey.com,,,0,2025-11-20 21:20:20,2025-11-20 09:41:03
david40,504bde47108e98f0fbf58252e6e099ca5632e7ecc666c9b629377bb48019b4c1,Recepcionista,debrahiggins@reese.com,,,1,2025-11-20 21:20:20,2025-11-16 05:14:24
cassiemacdonald,4b39db7ccf68db0db1f73aa0357b8e2b9becc3ce3240cd7d9e696cc93a444d9a,Entrenador,blairrobert@meyer.net,,6,0,2025-11-20 21:20:20,2025-11-04 05:23:23
melanie12,c9bca5e0dbf3ebea9cf1dc3a59e05fe3b059e239c0a2bcc45761b1e5d3b6e6e7,Entrenador,lopezchristopher@baker-reed.net,,72,0,2025-11-20 21:20:20,2025-10-30 18:29:56
djones,4d810ad035c6a9086427c8902f2e6ae780ec754be22817b53f8b572e509a6692,Socio,robin07@gmail.com,92,,1,2025-11-20 21:20:20,2025-10-29 15:09:43
vguzman,de722b96437865f9b69148298652f6a5217956f482e35a899f89553aec71bb14,Entrenador,derrick91@hotmail.com,,78,0,2025-11-20 21:20:20,2025-10-29 06:19:55
danieljames,a07a0e07a1aae731a158972fdfd237ae4684b18615c827e58a09e68af02b2b39,Entrenador,lydiacallahan@yahoo.com,,24,1,2025-11-20 21:20:20,2025-11-20 01:58:17
charles53,3c9c237df72b731dc7ce6cc99f495b191859f98812c6aeb97d90efa8af4de0b1,Recepcionista,cunninghammatthew@williams.info,,,0,2025-11-20 21:20:20,2025-11-20 09:38:36
samuelmiller,1972511c65d9990f0adc77092992b12e2cd1e0665dcd5e761539303eaf3d4523,Socio,friedmananne@berry-scott.com,94,,1,2025-11-20 21:20:20,2025-11-04 23:48:16
samuel76,a91f48479a9dbea0a8bd26ec20c66458f514495720f31670962fd2fe630bf623,Administrador,curtis47@hotmail.com,,,0,2025-11-20 21:20:20,2025-11-09 13:22:09
kennedycharles,c937912b098c3a9e4f12c2894382c60941f6d5b9612b74369b0cd860226c80c0,Recepcionista,weeksshawn@vazquez-mccormick.com,,,0,2025-11-20 21:20:20,2025-10-26 16:17:28
andrewwelch,090603c0aa70feae807ee7d96378a50b5d913582b694b3066406af50cc4bec42,Administrador,vincentgarcia@little-torres.net,,,1,2025-11-20 21:20:20,2025-10-26 12:38:29
timothy20,3ba862668e2ab26dd4e6540f664df007219d7a407c7682acb2a4c68a4ac83fb4,Entrenador,david96@yahoo.com,,14,0,2025-11-20 21:20:20,2025-11-06 04:21:48
fishershannon,2bae143bda88125c6a3bcd191d99a917550502632b2538bf2bbf4a460033b35f,Recepcionista,hmcintyre@yahoo.com,,,1,2025-11-20 21:20:20,2025-11-05 13:22:26
christiansmith,1d84d895ed232386c9752b600ce12412b21855dfb1e2af04d3cee984d47b5be3,Administrador,jamesshawna@sullivan.net,,,1,2025-11-20 21:20:20,2025-11-07 00:32:03
ashleyjensen,a4a7dc7e13e244b422f7da1e05de44ec7098a16a245c95010c47000871e6cf98,Recepcionista,webbjerry@sanford.net,,,0,2025-11-20 21:20:20,2025-10-28 11:52:16
corey50,9574142d978f45a0faae558a0ed3e2530cd6774c404b3ba20d51d920614bfda3,Administrador,harrisonheather@yahoo.com,,,1,2025-11-20 21:20:20,2025-10-30 10:14:33
adamsbryan,5623dcac63c35be86344524c29a21ea129447af8d23d2ee6fc24437c414254c8,Entrenador,tracicampbell@short.net,,93,0,2025-11-20 21:20:20,2025-10-23 03:53:09
ifleming,aa40a9f6fd5e27021c8e25ff460fa29485bdf08e546c26305fd592be84ff59c2,Socio,anthony24@madden.com,28,,0,2025-11-20 21:20:20,2025-11-07 04:59:31
richard44,ed2b97da5749cf8c8c7caa72243c097fccb066121337804af4b92c357f54675f,Recepcionista,moralesmichael@gibson.com,,,0,2025-11-20 21:20:20,2025-11-07 21:46:01
thomascook,44e701053a4cca859094a140f3f522a9f94cfde4d354a50219aeb4c82ed2caf0,Socio,melissalopez@gmail.com,78,,1,2025-11-20 21:20:20,2025-11-18 22:54:30
yward,059912f43c23668d1b4a4742cb06b831325f75e0669fd21a3924159c76df0004,Entrenador,ryan77@gmail.com,,30,1,2025-11-20 21:20:20,2025-11-10 11:34:30
josephrodriguez,c41be80882b0048dfda8ff84fc464fad2551beb18bb8735d942d2f7b812c4d96,Recepcionista,zramos@allen.com,,,0,2025-11-20 21:20:20,2025-10-25 11:42:07
jordanellen,fcfd54d92d2e9183d2698189a1463ee4afcdc3c360eefdbfc214bd81c98affbb,Socio,susanlyons@young.net,19,,1,2025-11-20 21:20:20,2025-11-10 19:23:51
jasonbradshaw,c70c58c5b1d172c52233f5ed8a237276b0ed5e76503770f4c07fcdac419b3cde,Socio,thomas69@smith.com,71,,1,2025-11-20 21:20:20,2025-10-24 00:36:14
kleach,29ac31bbff536b880744482f00183b3c677e591d5a83304971ee840b8b58955f,Entrenador,smithjennifer@brown.biz,,79,0,2025-11-20 21:20:20,2025-11-06 16:51:41
hoganstephanie,4337651de5766d5adafc0278973c9f558ec7e394a42eeeaad72fa409e630fbd3,Administrador,hgomez@washington-johnston.net,,,0,2025-11-20 21:20:20,2025-10-27 11:21:29
hopkinsleon,21722a67a10b45a8637e02e73acbf7102384b1aaf1e41034f576aadd07b1e3c7,Recepcionista,joshua67@hotmail.com,,,1,2025-11-20 21:20:20,2025-10-24 22:26:26
thomasalicia,fa4ebfc8ab3521b14fb1d92db6cc0a450544ed444e0b8a080819c54ea28c9565,Administrador,karengray@gmail.com,,,0,2025-11-20 21:20:20,2025-10-31 22:25:28
hooverjessica,c80988284b58e09329d2747a71ca8c40b4a0cd73d6ab0b5ba069ef64c7122981,Entrenador,paynerodney@hotmail.com,,95,1,2025-11-20 21:20:20,2025-11-02 07:13:18
lbrennan,0ae91770693d640b24b318985f8c3fd5b1a653671dffe6c720cfd6febb01a224,Administrador,brandonburns@hotmail.com,,,0,2025-11-20 21:20:20,2025-10-26 17:35:18
buchananamber,11c22095ed7d648cf16ac5d7dbfeac64e4188e5a1767f09598ab6313e1d28b00,Socio,ewhitaker@gmail.com,89,,1,2025-11-20 21:20:20,2025-10-22 19:52:26
debrapatel,6c6c754bae654a01ee322aefa3d8a2c8a9a157c8e458746a10144259e51bc75e,Administrador,mcdowelljanice@hill-gardner.net,,,0,2025-11-20 21:20:20,2025-11-01 12:59:00
saraosborn,c67c4450655ddf38b07cafab1de5e413748b35817e6074f7b9723d90cbe73ac9,Socio,richardsonzachary@mcdonald.com,50,,1,2025-11-20 21:20:20,2025-11-17 07:20:42
cindymiddleton,197dad1c4d56567b7950112218956d5ef06eab41179bce653fc664e396a3074c,Recepcionista,tthompson@ballard.com,,,0,2025-11-20 21:20:20,2025-11-10 22:58:31
john94,9cbb5cc43f84aa22d419d3c71e39ceb378f8897cb8e722be4763091e78fcca36,Socio,kelligillespie@yahoo.com,46,,0,2025-11-20 21:20:20,2025-11-17 12:19:33
zgreen,b8b5e253145c68de92ec736c7e314e19cf7635810f503b83c91834f76159390f,Administrador,ashleyjones@gmail.com,,,0,2025-11-20 21:20:20,2025-11-16 12:20:53
nancymedina,103c5c3545459edda620b57ee53c55cbd0a83a17b4a01153b132bd2cb9db97d5,Administrador,reynoldsvictoria@gray.com,,,0,2025-11-20 21:20:20,2025-11-11 22:55:17
mcgeemichael,cfeb039d6ab51614efc830fac71913f9410c19eb0f6bbf52a9f723e4e9a1d2c2,Administrador,prattelizabeth@hotmail.com,,,0,2025-11-20 21:20:20,2025-11-13 20:43:26
wrussell,706320fe00458fe598fe933817ba6bf9234a3044d5faa991771a02a12dad2569,Administrador,juan68@hotmail.com,,,1,2025-11-20 21:20:20,2025-11-17 18:03:39
nball,ed7aff581ff97ec82d35b6a21bb16d7392f1b9f4633b29dcff89f4a69ab3704f,Recepcionista,janetavila@turner.org,,,0,2025-11-20 21:20:20,2025-10-23 19:34:11
april54,aae91d09939fba24c0a6bf414046b60b59f4774d906b249315c633e525722abc,Administrador,jose91@yang.com,,,1,2025-11-20 21:20:20,2025-11-02 00:50:43
williamkemp,747438b4bcc437bf47ef72a340f8803c68dc069712475f9eaae240634c31d747,Entrenador,janicewolf@yahoo.com,,82,1,2025-11-20 21:20:20,2025-11-08 14:05:42
manningedward,773cc13e0b65b24c278ba14349264b03c88c18d928747937889c39a7ef3b89da,Socio,dawnbarber@park-hurst.info,26,,0,2025-11-20 21:20:20,2025-11-13 11:45:55
mathewskyle,e36a13418af294e5b2efdfda5da820666337607fff79a24d53f0c862ba9ae81c,Entrenador,arnoldwilliam@yahoo.com,,43,1,2025-11-20 21:20:20,2025-11-09 09:41:58
gardnerlisa,ab532883a4b1bf64110d253af7d46eaf6153e925b8afd1fefcd036c34ad24b6f,Entrenador,stephanie61@johnson.biz,,38,1,2025-11-20 21:20:20,2025-11-14 06:12:07
pcantu,4ce4f134186112aaac8de3d715e2b9f854bb490d92bd6400f9afe7585a7e95ab,Socio,jessicabell@gmail.com,83,,0,2025-11-20 21:20:20,2025-10-28 04:37:32
hmathis,c1787c193c518eaecda836221b5e19508f0fa07167adcce1f213ba1944886663,Recepcionista,williamsrobert@gmail.com,,,0,2025-11-20 21:20:20,2025-11-08 17:51:19
goldenangela,d5db8bf4bf0faa67d89c79f628f670aeb4e7cda84dd84891ac3f5d8e1b4dd65f,Entrenador,shunt@king.com,,87,1,2025-11-20 21:20:20,2025-11-05 07:48:37
andrewsmith,456cabc1adc7f75bd5bca9edbe9356137f482a7af53bca5f0c9e33c6519ffc37,Socio,jessica60@gmail.com,21,,0,2025-11-20 21:20:20,2025-10-26 17:40:47
kendra80,6b909b81c42b327ff7b888c45d1c32fcfb4a416319bf11e02b0df5d422a78edd,Socio,enash@gallagher.com,5,,0,2025-11-20 21:20:20,2025-10-22 11:20:46
eperry,3e25280a16f09df053df8b0979db721b8741cc4f954da29713c11333dff660ae,Entrenador,wmartinez@gmail.com,,60,0,2025-11-20 21:20:20,2025-11-06 23:16:26
xsingh,4e7eb0b487c993cfa52e6647220d1c2294ba85b0045798a10b7fec8dd3034a20,Socio,gcervantes@yahoo.com,52,,0,2025-11-20 21:20:20,2025-11-04 18:25:57
ewall,811aa4801533bc83d6a2169de4c508acf8f85e7a50c4a47f3065b28513271c64,Recepcionista,fsanchez@yahoo.com,,,1,2025-11-20 21:20:20,2025-11-01 07:04:17
michael88,ebc9ff562a827fc041090759102415c70acbe4a38fa3a58a560d964610f3e79b,Socio,robert06@schroeder-west.com,74,,1,2025-11-20 21:20:20,2025-10-31 01:42:21
gberger,f8fbeb0aa389d1f4e433fb1d7de9c2adfb21d1f7f672587ecdc817d2bc9aa3ef,Socio,kathleen15@yahoo.com,37,,0,2025-11-20 21:20:20,2025-10-27 20:31:36
laura53,d6fd09e861bd4c7b8f03e19fd9263c7b24da1ebf8d8e22c778be45b715fe4acb,Socio,patrick05@miller-brown.org,60,,0,2025-11-20 21:20:20,2025-11-20 06:39:52
qperez,0fe8134f7946082080da2588daf05942c3c548397bad2d2e70ab203af355ecd3,Socio,bmiller@fisher.net,41,,0,2025-11-20 21:20:20,2025-11-06 17:07:19
matthew79,54df12f801537800cc0c468d7416fb06a8de9c0d0de662193b657eefd9861b63,Entrenador,zross@hotmail.com,,81,0,2025-11-20 21:20:20,2025-11-07 08:01:25
rosssharon,00b19516b686172c0b5ac8541a6c221c026e1507462860d718b34a391d9bbefe,Socio,christinapearson@yahoo.com,36,,1,2025-11-20 21:20:20,2025-11-16 19:22:37
kelleycrystal,d75ce519ef8c9dd0f2f8e0032306437990cd5c0230b2b07c64d310bcacba1342,Recepcionista,newtonmartin@johnson-jacobs.info,,,1,2025-11-20 21:20:20,2025-11-01 17:22:16
loriclark,01f18d0a7b0c25dfff296a56a4e2867acf1d285f30ec7082560bdc1ca92d73e2,Administrador,thomascynthia@thompson.com,,,0,2025-11-20 21:20:20,2025-11-01 19:06:46
longmichael,e12d52a1c75d86cbc5e2b99164b9310fc78a407432f577eeca4ad6d098fa8094,Administrador,savannahsmith@meyers.com,,,0,2025-11-20 21:20:20,2025-11-19 18:45:55
john60,382166be316bbcad65b991802eff6af9a927829b0d035231d5db67d93b63534a,Recepcionista,smithcarmen@hotmail.com,,,1,2025-11-20 21:20:20,2025-11-03 11:18:40
rojasalexander,482a54508d89cf43f622578d68e88f9b97ecd2ef6bf18017b64f1002befc3b50,Entrenador,bestdebra@baldwin.net,,63,1,2025-11-20 21:20:20,2025-10-31 02:40:04
thomasdanielle,d7b1f97be54ff901ec0f7c0d0119012cc2289bbfa029da7964f3d2fe1d9785a8,Entrenador,stacy57@rocha-diaz.net,,25,0,2025-11-20 21:20:20,2025-11-12 04:00:15
cheryl67,afcc6d95c151202c12dd416685d290cd33dfb3f2343d104a5844064261aed139,Administrador,gregorymoreno@gmail.com,,,1,2025-11-20 21:20:20,2025-11-05 08:59:26
sean45,5ee71d0e8a0b8d3d0bc2add109887616ce8118d0cb40219c40577f450aad0f95,Socio,aimee92@yahoo.com,60,,0,2025-11-20 21:20:20,2025-10-27 23:09:32
robertsimon,539d2e4d486b98633dbd642fe2c7f3cbbac9239b3425f1af3c1a4b4f607e0f4e,Entrenador,schwartzjoshua@dixon-schultz.org,,52,1,2025-11-20 21:20:20,2025-11-08 10:48:58
ritatodd,b3bb73008fa9ff938197a3114844fbb6cb96b22a4b82d4fe567d7de763694b1c,Recepcionista,michelle67@gmail.com,,,0,2025-11-20 21:20:20,2025-11-02 12:54:50
petercarter,a4b587b4d8f2d747fa515dccb8d327285a8afbfce7f470be88aa9a83ccf8586e,Socio,odomjared@johnson.com,77,,1,2025-11-20 21:20:20,2025-11-09 10:13:45
santanamegan,8d585fa656456937b8ff6ef3ff148899f18ea591646adee2ab57c8e99e25f975,Entrenador,ayalastacey@allen.com,,28,0,2025-11-20 21:20:20,2025-10-31 17:56:13
webbryan,2a403250406f3722725a4d673de973fd88079d6b25bc2d5d34b43511c3bd8d8c,Recepcionista,michaelbauer@ritter.com,,,0,2025-11-20 21:20:20,2025-11-11 20:16:48
beth51,e0f6b1922d59e37a89f282d3d5b12eb2b82c7e1cea114c549e9ec12becfa49c0,Entrenador,martincrystal@gmail.com,,37,0,2025-11-20 21:20:20,2025-11-06 19:02:37
robertsrebecca,96d6fe57838ecbe3b949ced2db5784ab3212dc4cf543b20786bfaf95eb1522b5,Administrador,porterjill@colon.com,,,0,2025-11-20 21:20:20,2025-11-17 02:30:47
kimberly91,0d0a85b18048d16050139122e446368ca1a8a1a35ef33495e120fe78e2b98d2a,Socio,nichole94@gmail.com,11,,1,2025-11-20 21:20:20,2025-11-02 22:04:43
brandy44,49b3e4e912b8fa561d5df32af4d48ad4310abe5125a50967d151d997b1bf37ab,Administrador,normagomez@fletcher.com,,,0,2025-11-20 21:20:20,2025-10-28 01:26:28
cory42,17bd8fc0de5307ca041771c837c1ee10b9fd8db0d9b826d0658ab42ef22f1500,Administrador,gomezjessica@harris-nelson.org,,,1,2025-11-20 21:20:20,2025-11-08 03:23:13
tgarner,2da07fc4125e9514a85de930dc27c6a3c5534ff220a11b7afe3b6e34812e27d1,Recepcionista,brandycarter@hotmail.com,,,1,2025-11-20 21:20:20,2025-10-28 10:11:24
thomas77,4f36ca4e6f8bf7c16d6f70f36aad5be8548bb298ed0c1f7fa2288d93efc6a84b,Administrador,qsantos@yahoo.com,,,1,2025-11-20 21:20:20,2025-11-08 16:34:01
peterbrown,c027ca76e1bfc5a5a16f679d23554ed12792d4576e9d7c33ecabe17c58f2d64f,Entrenador,adamssteven@lee.info,,8,1,2025-11-20 21:20:20,2025-10-28 12:36:23
campbellamber,5aa9c01a15facf007c6986d64207d6310d6a405bf3d55c63aca360ddcd8b8962,Socio,martinezbrittany@jones.com,8,,1,2025-11-20 21:20:20,2025-10-24 17:16:39
stevenlawrence,87eadc85a8218e8680dca228b87c89ad97874985a42198d7d28d35e60e73d13f,Administrador,wwaters@larsen-warner.com,,,0,2025-11-20 21:20:20,2025-11-19 01:43:54
edward40,a039ef8134ad8c78b3a000235ad4368ea4441d7bbfbe09220aa6887c37af370a,Socio,grahammiguel@garner-campbell.info,90,,1,2025-11-20 21:20:20,2025-10-24 10:38:02
zgonzales,a121f1d5bc53a7debebe8bafaa846a04f3043a1d697017daa10528aabdf0d1b7,Administrador,jeanette68@yahoo.com,,,0,2025-11-20 21:20:20,2025-11-07 03:28:19
cortezjames,da943ecb8c2dbab73a761a0aa49cede8d7f0953d5b09b4219d47d5a996c38a74,Entrenador,ccruz@robinson.info,,87,0,2025-11-20 21:20:20,2025-11-05 06:32:57
thomasrogers,d6f5d1200f4b7562cb7861fba38af2b5e15df04b7a7ce2ff05576db4964e9ecf,Socio,daniel63@yahoo.com,72,,0,2025-11-20 21:20:20,2025-10-24 09:42:42
jamie22,b98cec4d960060e6fc3001629101503e50f8d4af6767ee28947fd265eee31620,Entrenador,kreynolds@gmail.com,,60,0,2025-11-20 21:20:20,2025-10-26 17:18:08
jacksonderek,929b80acf4de0fe9261bd01a9b0a9e74a95356b67a2ae09e4a2ab4016529d019,Administrador,christina81@gmail.com,,,1,2025-11-20 21:20:20,2025-10-26 08:08:53
colemanrandy,b547b91a064846251ef695ba217c08ced1c7e28bdd930363057ccae524940f55,Administrador,mark83@yahoo.com,,,0,2025-11-20 21:20:20,2025-11-09 12:49:05
hnelson,344acfcd199632ec0ddce46da9ff5e5760e9f04ca9d8e3eb3dae9f912d704442,Administrador,iyoung@burnett.biz,,,1,2025-11-20 21:20:20,2025-11-18 03:09:35
shickman,5ef87b859ef83dfdff2665dd5ddff4b3e82e17893d11bce91ab4dbe0063d9986,Socio,walkerjose@gmail.com,60,,0,2025-11-20 21:20:20,2025-11-17 16:39:24
ashleytara,530bb8a05216c72622d88ed1ae0c028f70f2be5936ea7ee602c0de9e9b471e79,Administrador,campbelljonathan@yahoo.com,,,1,2025-11-20 21:20:20,2025-11-03 02:45:12
andersonandrew,080a442a3f57c5ef13a153d1f3796c8f5677bdf91c38e2be5201d5c71d2e1a5c,Socio,vrogers@yahoo.com,41,,1,2025-11-20 21:20:20,2025-11-01 10:24:26
lhunt,7c801e93573b56e48b47bcbb65f65dc32ac5020eefbd30240c7172067e65d764,Administrador,xjones@taylor.com,,,0,2025-11-20 21:20:20,2025-11-02 05:41:10
crystal32,dbbe24e06d81c9d7643f828a918c8193074d16cf95baf0b28c3f66159ff2e579,Recepcionista,jmurray@kennedy.com,,,1,2025-11-20 21:20:20,2025-11-04 00:10:01
amanda31,ca1d5f5a30f8db6c8e3ecf64664788fdb2f0872296f2f38fae350b5e00313ce5,Socio,allenmichael@sloan.info,57,,0,2025-11-20 21:20:20,2025-11-19 21:14:00
aimee76,5d161cbc92cd646bcecc06b07afdd9e0a880d0ccc6999e061ec70f8cd4227ecd,Socio,donald38@phillips-brown.com,92,,1,2025-11-20 21:20:20,2025-10-29 15:05:05
hayesaaron,8b9eb5a50d1087e09470600f6a0acc7dd483aa3691043f4c41601d1bb048b7b8,Socio,nmartinez@yahoo.com,67,,1,2025-11-20 21:20:20,2025-10-27 04:51:07
brownanthony,3b8bcdb098cce5be37405fe178f327fc399411e48f98ee5ebff5613f3e568060,Administrador,donaldibarra@harrell.net,,,1,2025-11-20 21:20:20,2025-11-08 20:52:17
daviddavis,293222fca4b59aee847e80b906fc895d571eb67027b13d2b5d71cb4f347dc1f2,Recepcionista,kiararay@stanley.com,,,0,2025-11-20 21:20:20,2025-10-24 08:13:27
michael99,3b0ee91642957d3892e23c16d3c2fd7992c6aea76105b2e033f15a438d74d471,Recepcionista,amymendoza@yahoo.com,,,1,2025-11-20 21:20:20,2025-11-16 20:27:12
stephanie72,cc7ac812571e464e8e345c445d19629d1b0bc2799158ced2a9e9e4755a7f3694,Socio,jaredbarker@jackson-spence.com,44,,0,2025-11-20 21:20:20,2025-11-19 17:10:06
garciaerin,ecf9f04baedd00964b152b1ba0a4b47897f2093a4cfee7d22c1323459e46e180,Recepcionista,kathy98@vincent-forbes.com,,,1,2025-11-20 21:20:20,2025-11-15 19:44:24
taylorcastillo,003d54e14232b66a219c03653c2a640f7f3e25d70165d07b03114b8a956ea6d5,Administrador,john81@yahoo.com,,,1,2025-11-20 21:20:20,2025-10-29 11:19:07
david81,e6945aa92ba0cdcd5da04c986dd4a147433c247f166c8aacc26784fd4780e62b,Entrenador,meganrichardson@farrell.com,,75,1,2025-11-20 21:20:20,2025-10-26 13:54:30
zacharyvasquez,8c9723b2628b3de06cb8cfa39f514e101575c985e24f24de296b66728567bd93,Socio,rarmstrong@james.biz,89,,1,2025-11-20 21:20:20,2025-10-30 15:05:13
michael85,85da767325996a24f42a30f8d37b844ff3a98e468768ee1c1a15d154e55d70a2,Entrenador,alvarezvicki@yahoo.com,,31,0,2025-11-20 21:20:20,2025-11-20 15:36:36
johnsonmitchell,6298466864b447bc5d9bd1abd2a5924de37ad6e701c80ad0648bae8159a044f1,Entrenador,jeffreyhensley@bird.com,,30,1,2025-11-20 21:20:20,2025-11-10 19:15:19
lleonard,b9ec7fd44d194e8bd6f0d03c2b60f1a5e441a85dd36a75e654974341f6d260b5,Recepcionista,amanda95@hotmail.com,,,1,2025-11-20 21:20:20,2025-11-15 15:38:32
jamesdaniel,079c1b955b62340169fb3b062af6ee417ada43c682e1b25335da4eaa443c91fc,Recepcionista,kristinmarks@hotmail.com,,,0,2025-11-20 21:20:20,2025-11-06 09:10:49
lobrien,3521bae288975680e0790dbe99c8d73fa7e2735c2f168c6891172b7b4bb3f643,Entrenador,hendrixluis@yahoo.com,,96,0,2025-11-20 21:20:20,2025-11-14 07:54:44
matthew49,cbdd5906b1ff6005c68c1678eb4cb666f4f319da770eb5df45cbbce65dd37ab5,Recepcionista,robertsonmichael@porter-hernandez.net,,,1,2025-11-20 21:20:20,2025-10-25 03:07:49
taylorbrian,03b75151d1f49bf191e3827a0f2cbfa833dbdbcd307dd6f5f75ff379841b9878,Socio,juanfisher@gmail.com,83,,0,2025-11-20 21:20:20,2025-11-09 12:26:09
ayoung,289649f74bd0f0d4b4b2949b083b96804ad96c8d2b35487d107dbb878e623f84,Recepcionista,robertmalone@livingston.com,,,0,2025-11-20 21:20:20,2025-11-11 12:17:17
karareeves,a831e43c64f8ed17986dc36c5b1fa6d1c4cf6548832ba2d86bb5efeb8d8d6f1a,Recepcionista,bethanyriggs@harris.info,,,0,2025-11-20 21:20:20,2025-11-19 04:29:19
wsuarez,78227e1758d2bc0a4c508275b99f1e68f3aaf54d808b17bad4fb361f6505638a,Entrenador,emilykelly@hotmail.com,,76,1,2025-11-20 21:20:20,2025-11-05 15:21:10
yjames,27bce51077679fbbdf156b4246fa37fe7a11a21e5a5c8607c37f0724c35c8c5d,Recepcionista,leahmitchell@hotmail.com,,,0,2025-11-20 21:20:20,2025-10-31 11:31:34
fgreen,b3a908cfca047535e785cc64d5b2ae0d24c2faf1aeb74deca462e1250a367bea,Socio,brian52@richardson-duke.com,29,,1,2025-11-20 21:20:20,2025-11-03 14:45:48
valerie11,bd08390b6e440f327d70d06fa230a24113716f1fc14a77dc2e5ffabe859096e7,Recepcionista,denisegarcia@kerr.com,,,0,2025-11-20 21:20:20,2025-11-16 14:44:25
fosterchristina,3dce70c9f4008b364eadf0ab1280a7d43e4b17ca6b16a57fad54f0b32804f782,Socio,brent33@weber-hernandez.com,55,,0,2025-11-20 21:20:20,2025-11-06 20:02:43
grivera,525315902d39f78a47ea3dd56ecc2fea1c309196ffecc82fd368fa044fc2904e,Administrador,michaelweeks@gardner.biz,,,1,2025-11-20 21:20:20,2025-10-31 01:23:47
keith36,d4dc3607daadc1ba1918ff4c71281f9b3dbbfc9c183bbfc80da4899b16418a7b,Entrenador,jeffrey84@hotmail.com,,59,0,2025-11-20 21:20:20,2025-10-26 14:13:47
michelle10,ac0b23410a40835299273ac59f72dda680a51a323e5d60980684837409324cce,Recepcionista,lfuller@gmail.com,,,0,2025-11-20 21:20:20,2025-10-22 05:08:42
dennisdavid,21b24d0db652660eebff1b05d86276b0063fcdd612df049e53609b8279043529,Entrenador,wbennett@valdez.org,,50,0,2025-11-20 21:20:20,2025-11-06 22:28:48
lowelouis,bb59ba145e7e301186130a9016f61200405c771fefb8cc04313268d3b9787f07,Entrenador,michaelcooley@hotmail.com,,19,1,2025-11-20 21:20:20,2025-10-30 21:15:02
eric62,5f8f58192dbbfc13665356d8ed0d0d621167b9363f75b23307c978094c0c9c85,Administrador,schroederwilliam@gmail.com,,,0,2025-11-20 21:20:20,2025-10-27 04:20:55
vbruce,4deacb7a2140797875ad7d7a4f3f897e2d2db821e02a16e5b0fe6ab82974e929,Recepcionista,leonard14@gutierrez-taylor.com,,,0,2025-11-20 21:20:20,2025-11-01 02:59:59
norman45,9884b5200fdf9ab6e6b8246c42646e8a9980e5815e7158f1755bf227f0519cfe,Socio,matthew70@clarke-tran.org,49,,0,2025-11-20 21:20:20,2025-11-18 05:09:06
theresashelton,6d14eb8402a11fe900af60da613ce6728414faa66350ba8ce33a3384ccf5683f,Socio,gibsonjennifer@lee-escobar.com,48,,1,2025-11-20 21:20:20,2025-10-26 19:25:23
gomezshawn,7d18d8c2eee480a44dbaa4106b1a98d48244a03a39a6721abca11e98053a286c,Entrenador,john55@yahoo.com,,40,0,2025-11-20 21:20:20,2025-11-09 03:14:04
seanramos,4a17f6716e14356f38f17d7128c271f8ca08e292d1c59e88c2753ac62533f42a,Entrenador,williammontoya@crane.biz,,10,0,2025-11-20 21:20:20,2025-11-18 20:29:59
dustingonzalez,ed2e4070e30b95c4bf993edbff486eaeb30ee39314623493af0d4a8a3022c80b,Recepcionista,kpennington@gonzalez.com,,,0,2025-11-20 21:20:20,2025-11-09 17:29:08
bwright,559727b68cb9e48024e84b6dfc652135f6314deacc003ee7ea8e84a2621898a0,Administrador,stephensonteresa@ramirez.info,,,1,2025-11-20 21:20:20,2025-10-27 13:30:20
bkidd,8cbf3534fa1ba4ff02c19294478a614735737e1f936b313151ebd4c160512869,Entrenador,phill@gmail.com,,76,1,2025-11-20 21:20:20,2025-11-04 18:13:28
ltaylor,eb6299bb5cff6113daddc9bf0b4a4b856c4d61868a090d7d9ed01375803b7282,Administrador,rick54@lopez.com,,,0,2025-11-20 21:20:20,2025-11-13 17:29:48
hwalton,eb736a13ac58d9f66b6e064d182bd4cf0278d255f5e4cebffb5583e313dd98e8,Recepcionista,barbara61@hotmail.com,,,0,2025-11-20 21:20:20,2025-10-27 10:23:55
michaelmatthews,050c2ef99d041083b34077d3de98aa87535b001b85178fccbbb4e6c0ec0ddd0c,Recepcionista,osalinas@garcia.com,,,1,2025-11-20 21:20:20,2025-11-06 17:52:38
christopher54,8e5f45c4705d5014d99bc8c87b77e2d4b24d19d61d0726830d23dee627703948,Administrador,andrewsamanda@gmail.com,,,1,2025-11-20 21:20:20,2025-11-09 03:30:56
wgraham,5b34d79624fbec45a53fe1f146ffa741cd252ea11c031907fbe643ab95b9b41b,Entrenador,apeterson@gmail.com,,44,1,2025-11-20 21:20:20,2025-11-04 10:18:10
murphyjulian,041bccc658442d1573ca9295bf035036dea978f1e993f49dac9db7a95d0f95d1,Administrador,mallory61@yahoo.com,,,0,2025-11-20 21:20:20,2025-10-24 01:04:37
emmaclark,c9869930bee35c64b6ca4bd55dbf9923c72b83ca8062243575c4219099d314d4,Administrador,mooredavid@young-king.com,,,0,2025-11-20 21:20:20,2025-10-24 07:36:47
david70,5bf4a31eb14424163b59d9d3f09d29089a50dbbdda5cc3fb94b249165fe54171,Socio,hendersonpeter@yahoo.com,57,,1,2025-11-20 21:20:20,2025-10-29 20:49:46
hicksmeagan,aecdda7b7345edec3525404fc85531c467fae38ef31dd11a47e8b14372648ddc,Socio,valerienicholson@mcknight.info,50,,1,2025-11-20 21:20:20,2025-10-28 13:35:02
williamsonjennifer,3ae7a7886d384f8d2cfe99952894ca1ed366c25b637747bcead98c977493dff9,Recepcionista,meyerandrew@bass-juarez.com,,,1,2025-11-20 21:20:20,2025-11-10 04:08:20
morgan58,2ace84cb6b584f9060b5a7e95112ca31927e4a1fe0eabb002587769d5c575115,Administrador,wolfkevin@wells.com,,,1,2025-11-20 21:20:20,2025-11-14 05:48:18
johnsonjennifer,a20569835fe4bbd095988d320689313e955751630eccd7e5d061642e8c537080,Socio,eugene90@atkinson.info,88,,0,2025-11-20 21:20:20,2025-10-30 10:53:11
aaron80,74b3f616f60657df0bb642b669d61b14662e03ee7d36c93cd2956069a7659b9b,Administrador,harrisashley@watts-moore.com,,,0,2025-11-20 21:20:20,2025-11-12 05:54:31
mferguson,11ec7fbf5bb458a6555fe482b4612cd710636db5c3254173a503f62b4890ed33,Administrador,melissastewart@bush-miller.com,,,0,2025-11-20 21:20:20,2025-11-17 14:20:36
edwardlee,4178823a67e2cf5948aeb78afcb279f45ce682ccbbd6d446a09131ebad7a54a2,Administrador,andrew31@hotmail.com,,,0,2025-11-20 21:20:20,2025-10-23 09:57:28
gsherman,cbcf122258e4ba634b1000f2f792e68b1420f9293eb6d827e0b3e25a58e17a9d,Socio,riveraangela@gmail.com,97,,1,2025-11-20 21:20:20,2025-11-16 23:20:44
colemankathryn,7f70c627d91e1e5a3a0e6c8fbccc7b65e969487b42a6fbe64803d4bdc597a45a,Recepcionista,wanda41@gmail.com,,,0,2025-11-20 21:20:20,2025-11-03 02:20:06
woodsvictoria,05aa5f398e672faeb9594daa83d68a00ca7427310fa07d172d3e07c117d4079c,Administrador,emily64@diaz.net,,,0,2025-11-20 21:20:20,2025-11-12 09:22:25
vjohnston,cc4102702727252335b3986eba071b37e794cc6f987a72618d76300dde2eec4c,Administrador,zallen@yahoo.com,,,0,2025-11-20 21:20:20,2025-11-05 10:55:20
gwillis,746af317805e27ed7f1f6c1151428ae19715b2494de12b6d934aacfcbb686d99,Socio,ylawson@gmail.com,16,,0,2025-11-20 21:20:20,2025-10-31 10:19:49
jennifermcdonald,5746994a7fefe5af80911ff6abb1afcd36744defaddc4361a325d708d2731dc0,Recepcionista,rivasfrancisco@williams.com,,,1,2025-11-20 21:20:20,2025-10-22 16:13:29
lwilliams,72d6ae172b983bf09a21e083c9fab4d24d396d0c57da8426323483d2c354f10c,Recepcionista,pamelaryan@hughes.com,,,1,2025-11-20 21:20:20,2025-11-18 08:42:36
vbarrett,8b614b84d79d6f9070b0ced6fba51e884291df622eddfef89bf9944b6e1da9e4,Administrador,woodardleslie@yahoo.com,,,0,2025-11-20 21:20:20,2025-10-28 07:43:11
lopezpatricia,4668cc632374dc82b55627ad5ca24db1901bbad011f97b517dd7dbffa16ac137,Administrador,rsosa@keller.com,,,1,2025-11-20 21:20:20,2025-11-04 21:31:33
david52,3a46f6cefdafe1944fa64c30405f50518b4b90daeee4de4ab757dd03c43cd670,Socio,swright@patton-williams.com,27,,1,2025-11-20 21:20:20,2025-11-06 09:48:55
churchgloria,461c8c7fe1041f5bc4af6234fd3ef8e145a70d9512c4d354a006a3b29e99b4b4,Entrenador,mitchell21@gmail.com,,98,1,2025-11-20 21:20:20,2025-11-10 02:01:46
nvincent,b8d4105c1e41b9e7e0765dd1311ff2bc8d0753d2ccec19a8a6ecb20d134b37be,Administrador,robinsonmark@wells.com,,,0,2025-11-20 21:20:20,2025-10-25 03:10:25
debra11,c5fa464ed05bda6d682668080eb13a1b88b745adcf2688975447fb2d52126202,Recepcionista,lroberts@yahoo.com,,,1,2025-11-20 21:20:20,2025-10-22 01:26:59
roserodriguez,503372413ff764896abaae8d132e7d9709959a6efb1e1fe0462c2adbec11371e,Socio,marymcdonald@hotmail.com,26,,1,2025-11-20 21:20:20,2025-10-29 02:05:24
angelajohnson,5c8d467c16d68a925670500237c37295ef834cab96704ff4970f862ef7dc6625,Socio,fdorsey@gmail.com,89,,1,2025-11-20 21:20:20,2025-11-09 18:23:04
melaniesanders,eda750eaebf72b8b322bc617ad04978b81dce2d07d38c6511487b9e16d0e548f,Recepcionista,beckrachael@hotmail.com,,,1,2025-11-20 21:20:20,2025-11-07 03:23:06
robert17,cc940db13a1815124c0abbce2459483bd202403253ced56edd1945cf407f6c99,Recepcionista,marybryant@gmail.com,,,1,2025-11-20 21:20:20,2025-10-27 15:17:01
mariabrown,c132f99a876033d99c45af445648b4cda1fa45f53f695f1774bbbf8c296f4849,Recepcionista,garcialisa@hotmail.com,,,1,2025-11-20 21:20:20,2025-11-13 23:13:11
maria73,b9c3bc301a78d4eeeb7bcd23cb3696d3169d60f942355aa49df9c240274dbad2,Recepcionista,veronicarodriguez@lopez.com,,,1,2025-11-20 21:20:20,2025-10-28 04:46:56
ahebert,d0c16d86cb4792de20bce6a39692648524cf1ddde0e54b421b3e31256f7ad532,Socio,vdean@williams.org,20,,0,2025-11-20 21:20:20,2025-11-18 04:47:09
michellehoward,1fe7ba1af98b8d62f63659be9ee6bb5e5079156008a50a7864c54ff2d59860d0,Entrenador,urivera@gmail.com,,51,1,2025-11-20 21:20:20,2025-11-15 04:17:28
sheenaparrish,9239adba772e42eee678240f035934e50405c9308ed0bb4954b36a78cc5af8a8,Socio,timothywatts@gmail.com,60,,1,2025-11-20 21:20:20,2025-10-31 07:37:47
kevinmatthews,202643de3ef28f336bc41aa18334e7e49e4280de34fc510d2316ee8f022a0532,Socio,herrerajames@lam-willis.info,40,,0,2025-11-20 21:20:20,2025-10-28 12:07:01
joseph67,249dea784ad77e24272ab3ed28ac17de5e87580e7dab5d10cee7578777d0f264,Socio,kfitzpatrick@hotmail.com,56,,1,2025-11-20 21:20:20,2025-11-14 06:51:00
winterscorey,20790a0f415f75135e88d29632598c86e438400d3f981a4537191e612cf1fd64,Socio,kolson@terrell-bell.com,76,,0,2025-11-20 21:20:20,2025-10-30 13:08:27
stephensimmons,9a807c0e5010288bdc37adafabc38d96ef7da07e33c070a6090ee3189f3211ad,Recepcionista,jpatrick@yahoo.com,,,0,2025-11-20 21:20:20,2025-11-14 09:50:31
fbrown,9d75246ec3ae4e855fc90b8a806fda16654199939f94d1a8f5d873030ee033b0,Administrador,bwolfe@doyle.com,,,0,2025-11-20 21:20:20,2025-10-31 12:41:16
tvaldez,5646fdb9181e6fe4ac298e6d4b86acae650d51c63fea609e6038738956f8025c,Administrador,walexander@garcia-bryant.com,,,0,2025-11-20 21:20:20,2025-10-27 15:53:38
kelleykeith,7acddb241f63073841a00f1e2713b44cac1834d6f63263cdda516766f9a360bb,Entrenador,hudsoncynthia@crane-martin.com,,40,0,2025-11-20 21:20:20,2025-11-08 16:14:52
andrew74,9433357a0439a7199f4b38c9efc34c1e5b054d62488a948b7b5eb9bac6c419d9,Socio,santiagomichelle@berry.com,31,,0,2025-11-20 21:20:20,2025-10-31 18:29:08
aestrada,9b3ba669aa0370cb99c1f6343c267183a058296f530f33213b99262874cb271e,Entrenador,colinsnyder@johnson.com,,25,0,2025-11-20 21:20:20,2025-10-23 15:34:38
ajohnson,de49915559588bebd98b5643edbffead70c206a23a8baab1d415ceeea122a064,Administrador,gabriela70@bryant-green.info,,,0,2025-11-20 21:20:20,2025-11-15 10:33:06
clopez,2c0d78efcabe9bb1d845172b72095b59b2bcc4f522a384bc517ff8618cb337ea,Recepcionista,maria11@gutierrez.org,,,0,2025-11-20 21:20:20,2025-10-31 13:42:13
sarahchristian,67bb5c0d1cd56a776af9653c70d869dd7972ff9b27477b4f3a40416dd5f0d196,Entrenador,xsmith@yahoo.com,,8,0,2025-11-20 21:20:20,2025-11-14 11:21:24
stephanieflynn,17e92d753ba64b24ad1301e4d2985566e5b33c715bfbb099688cc856c40d1ba8,Entrenador,steven79@yahoo.com,,33,1,2025-11-20 21:20:20,2025-10-29 20:25:18
katrinamiller,3340dacbf04cc1ab86c43bcf54e35b7ecbff9e2af6a7568e8e189370dcfbfe2e,Recepcionista,ostokes@clark.com,,,1,2025-11-20 21:20:20,2025-10-27 22:53:45
joshuagiles,473ff3be132bc4e63edc1f5e9c98b13646f51cad136f9dffde9b0fdf6737e651,Administrador,mbright@hotmail.com,,,1,2025-11-20 21:20:20,2025-11-01 21:06:38
robert59,5837af93a3e9bb00eaffbc1ce769b546a688584aa0772a936ff221adaab26807,Entrenador,kathleen61@yahoo.com,,74,1,2025-11-20 21:20:20,2025-11-01 01:35:11
tracy15,d6b6b9d313ee08de490194c9e3b0d87e484d835ab6cd83b9acb2ffe08f898263,Administrador,kevinbuck@yahoo.com,,,0,2025-11-20 21:20:20,2025-11-04 18:53:10
johnsonrachael,8276e722bf875dec62526b404995e4f14e451ef8b2d47b25915adec78d3cc64e,Entrenador,vrodriguez@hotmail.com,,80,0,2025-11-20 21:20:20,2025-11-15 03:21:01
sophia18,51d11ba6e6558cf5cf269ef7bf16fc5089af60bc336764db2bd1a968a0d6d0d5,Administrador,lukechavez@diaz.com,,,0,2025-11-20 21:20:20,2025-11-03 14:55:14
herreramichael,611f50dc4bc1732d405a25ff450a16346651704c56b1f38ba385bf5341fd4267,Entrenador,anthony12@heath.biz,,94,0,2025-11-20 21:20:20,2025-10-25 13:21:33
carrillojames,2939f79b6bd62d5263536297dda94eb19c66093aee4e42ef0ae6225024864a0e,Administrador,stevensfelicia@yahoo.com,,,1,2025-11-20 21:20:20,2025-10-24 15:14:58
jasminepeterson,4b2856f0adcf0ab46a9464e44f7005c9c3fa8c7fe061deee96b73a8ebabba7cb,Entrenador,christinejohns@yahoo.com,,86,0,2025-11-20 21:20:20,2025-11-19 09:14:04
matthewsheather,1ba935a9a4b44b274442496b8444c85a542d652d66625f9bed0a72b57a36eee4,Administrador,andrew45@williams.biz,,,1,2025-11-20 21:20:20,2025-11-06 10:00:03
samuel06,950da7815f0089ecad7df14b2e924355f3703db2e7b59bfcafa2e0ad9c79b30a,Recepcionista,parrishbrian@yahoo.com,,,0,2025-11-20 21:20:20,2025-11-18 21:36:42
veronica35,899f9e9b38d428e29ce6d4b289bba3877236ecd2c16620d3776f6e3dcfe2fcd8,Administrador,rreese@fitzgerald.com,,,0,2025-11-20 21:20:20,2025-11-09 03:27:22
jonescasey,a8adf80e5b8b18d357f498c116ea8c0e3ed92fa618d68790a1f77b4f1becb018,Administrador,andreamartinez@munoz-branch.com,,,0,2025-11-20 21:20:20,2025-11-05 23:38:08
fharris,70c3b456b4f68b34362bac305477881668545f5015bef6437f8a1bfa8d6fc751,Administrador,kevin47@bell-cross.com,,,1,2025-11-20 21:20:20,2025-11-04 04:19:24
rlynch,21934aade60bfc29831d1304e04fd80ba0ae4926432286272b599df5f4549f3f,Entrenador,hbarnes@gmail.com,,29,1,2025-11-20 21:20:20,2025-11-03 00:21:20
roger05,0ef6e26699cc7a2700917499ea6c75004f84eb55c969dfa7b689b4be98914e71,Entrenador,sherri20@woods.com,,97,0,2025-11-20 21:20:20,2025-11-13 16:08:56
sanchezdanielle,202dfbeb1cc8a1399c82fb8f912eb64560f70ed2f42dc441a28db28285038b1d,Entrenador,valdezsydney@hotmail.com,,64,1,2025-11-20 21:20:20,2025-11-15 02:40:52
ghernandez,d38554534b30380c9d725c05e697cdaf03861d9ea15ee2b42168841d4bd966af,Socio,feliciabriggs@yahoo.com,62,,0,2025-11-20 21:20:20,2025-11-04 20:12:56
thompsonclifford,54c36087e34046ee7e3642bb24088eefa07e8917813553b9a7ff16511a4e6268,Entrenador,gloria31@hotmail.com,,27,0,2025-11-20 21:20:20,2025-10-31 01:54:45
brandon44,4ba0cfc33307ad4c5f37c3d6a2e71362285b70168faacca8b69d4354e52cf6da,Entrenador,mcguirejake@romero-jones.com,,21,1,2025-11-20 21:20:20,2025-11-08 16:44:35
echaney,09928399fbfbc037cafc7e917478d4cfa47f93b4dff67d63ac88020fa95c4eb1,Entrenador,aliciawarner@gaines.com,,60,1,2025-11-20 21:20:20,2025-11-09 08:00:53
johnsonkevin,0132c644781466d291bd775e9700f9c5dc0fdf3592ef9e9b2b5dcf050b81f1fb,Administrador,yreed@smith.com,,,0,2025-11-20 21:20:20,2025-11-10 18:15:22
theodore65,83eb293034cb0da7fdeeb2f19a939edc09f494db9479df157bae48a6a761eae9,Recepcionista,btran@mendoza.com,,,0,2025-11-20 21:20:20,2025-11-20 04:41:21
mariabaker,c091e3961ee741ed88f13660ab6413a58fa51eb9105cbfaa596d86fe7953a04a,Socio,shannon07@patel.com,68,,0,2025-11-20 21:20:20,2025-11-11 20:25:04
gregory26,9024ad8d428d80dd9f0e4a7bf675fbc610b4836897ced4061b25563355e14d5c,Recepcionista,murrayjonathan@gmail.com,,,1,2025-11-20 21:20:20,2025-10-26 03:50:36
medinasara,b820768b81d735ac9cabb10326a64ffc67c0dc02ce6baf830b48e6969fa140ba,Recepcionista,vanessawalters@alexander-davila.org,,,0,2025-11-20 21:20:20,2025-11-07 16:55:11
whitakerkrista,5bb19a2c38367211cee1c2f69b4ec077f98a392274da922bf64590b9c26b160d,Recepcionista,chelsea00@adams.com,,,0,2025-11-20 21:20:20,2025-11-02 17:31:27
nancywalker,14d67fc8e0d4106f598c9fa8fb7c128d350e39444829d09c5ec97736e67bd7d9,Recepcionista,dillontabitha@lowe.com,,,0,2025-11-20 21:20:20,2025-11-16 20:17:43
yvonne84,9b1a4b03fdd87d675ba611ec3c7aa10ed980179c94f2578304b5cc72fc21b587,Socio,clee@roberts.com,96,,0,2025-11-20 21:20:20,2025-11-02 10:40:45
phammegan,cfb6aa2a57de33e7f890e29068ec119b000fbaa27e729aa0fa635f4833b25794,Administrador,tonyponce@hotmail.com,,,1,2025-11-20 21:20:20,2025-11-10 21:50:22
jrodriguez,52591f21e94d9469c33bb546628e5f8fd8e1b80a1bc7e13f9f9ab9bff1a0b40d,Socio,uhatfield@wolf.com,41,,0,2025-11-20 21:20:20,2025-11-12 02:14:43
christine11,b2c963fac5b68c3bb7274497337ee4a2952e3cb3ee69995db23556bce7966c08,Recepcionista,pgomez@yahoo.com,,,0,2025-11-20 21:20:20,2025-11-14 12:31:17
clarkemily,0702a1a96b184cc1ffc50aa8618a5c690d8c6278a836d6173ff4f76b7f6c6b38,Entrenador,jessica52@yahoo.com,,4,1,2025-11-20 21:20:20,2025-11-05 00:11:18
jamesmartin,595fc731330efad16e4701e0710713b23d3549bf375ea3e657e97fa18f26d052,Socio,melissa11@gmail.com,41,,1,2025-11-20 21:20:20,2025-10-27 19:49:57
ahoward,51592034d6eb6c0e7aa37cfe8dda510459bcf3a16f8bea0c4f03e3000822a91c,Administrador,clarkjared@yahoo.com,,,0,2025-11-20 21:20:20,2025-11-07 00:23:32
kgraham,e59cfe69bede45f4e76d73d62a8801bf40fb86298d03603259cc4ecd70108f89,Socio,nrobinson@ball.com,89,,0,2025-11-20 21:20:20,2025-10-27 11:40:53
michael66,82878eb8c4e0c8355d1294dcd0e721c9a5c17470a113fe2aac464223e1ba7af5,Socio,aliciasuarez@brown.com,75,,1,2025-11-20 21:20:20,2025-11-02 17:02:47
eatonrobert,af8d4c41dd838dd988aa3a3f6111e3b8ddc7d8e4fb51bd087c223895c83c85f7,Socio,taylorkimberly@hotmail.com,28,,0,2025-11-20 21:20:20,2025-11-04 09:58:41
amysingleton,cc28fdd8b419f96045a47bd2f85f8921f4ed452c0345d8e148a92bcffdafe82e,Socio,vhenderson@deleon-james.org,42,,1,2025-11-20 21:20:20,2025-11-08 20:42:05
wwright,4f525c2f5709a4b4508f959a40683356e83e6ac3a68a1b898a213e28e1b5b6ee,Entrenador,gstephenson@sandoval.com,,79,0,2025-11-20 21:20:20,2025-11-16 16:37:02
jmcdaniel,b69840a31ddd4aefb9eb6142670ee932752c84a99864a509278e3b6555ccdd60,Entrenador,shane79@harvey-vincent.com,,93,0,2025-11-20 21:20:20,2025-11-15 10:57:03
iantorres,b81a29bdf558f7b252b0ee83680297c0137c958407ffed646d820e283ff9ccfc,Recepcionista,hendersonsheri@flores.net,,,1,2025-11-20 21:20:20,2025-11-09 08:34:37
mluna,b5ee147ce9a7030d7bea46b0d5fc0f22b98edebd25242ef06d30cd433e681d64,Socio,robert79@yahoo.com,94,,0,2025-11-20 21:20:20,2025-10-24 09:02:43
kevin61,fb76ad53c34dbed6759ce957c8ea642895bd8b770496249709c99ef4e624b1f0,Socio,reynoldsscott@hotmail.com,39,,1,2025-11-20 21:20:20,2025-11-11 07:03:57
katherinegrimes,f8cc8bcc581cc54aa13bcc8b10d121c37bd57b3c3ebaa71cb3a9c5eb181ca0be,Entrenador,michaelsanders@campbell.net,,18,0,2025-11-20 21:20:20,2025-11-16 19:41:09
devinglenn,593f10f7c478a7a49db9574ad4b1db0be3aae15d064ba607562dd9a3f7b99ca7,Administrador,wadams@yahoo.com,,,0,2025-11-20 21:20:20,2025-10-31 21:26:30
sara14,8dedb86c435f8fd24362fdc6001bae93f20ae5f0fe78c48f76cec8afac6c449f,Socio,brownbryan@johnson.net,73,,1,2025-11-20 21:20:20,2025-11-13 18:00:03
trangregory,b14a034f5f74f7d5b7ab21e777204eb83d2e798617945f0c2c336d91e018ad40,Recepcionista,veronicaperkins@cox-peterson.com,,,1,2025-11-20 21:20:20,2025-11-03 10:52:09
ggriffin,5229bd852763720031211dae4c08407c79408aec5a6fbaca8a0d2fe407bd315f,Socio,ginacurtis@salinas.com,64,,0,2025-11-20 21:20:20,2025-11-09 18:11:55
tmorales,316173c811692c2f26d27b5e69a892bbd320bd4de9815beb78995d99b937e609,Socio,jacqueline09@wood.com,1,,1,2025-11-20 21:20:20,2025-11-16 13:59:10
costamelissa,8502e05f5a8a399e639e81dd241a24fcb3856e5422daf60f6ff11a67b6431c88,Entrenador,jackwells@fuller.biz,,56,0,2025-11-20 21:20:20,2025-10-27 13:47:37
frank14,d1baf5bb7e19908dd1d3c6728c8797e061b39bb87432f9bf401c98ee0cf08b07,Recepcionista,anthony01@yahoo.com,,,1,2025-11-20 21:20:20,2025-11-01 04:52:37
christine34,a1f49a2e7cf27a9d1e11cbb257448b09ce2716ed58ff687d39dfabc2b22b9612,Recepcionista,andrewjacobson@hotmail.com,,,1,2025-11-20 21:20:20,2025-11-14 11:46:47
rramirez,30bca851259b3aa4572f1b2a49e2897c59ac3e7ac1187188fbac37f1af30b5dc,Entrenador,hedwards@smith.com,,7,0,2025-11-20 21:20:20,2025-11-13 06:11:14
owensjohn,99e1328cb4c9c704c1a492df11cc83ff4791fc672f631fe445f9bf9042d60086,Administrador,deborahgonzalez@rodriguez.com,,,0,2025-11-20 21:20:20,2025-11-18 21:54:55
trevor26,e69592cf8fa65aba5208b5db483b4b623ae16bb92b35caaedd24ce2a67ce8c44,Entrenador,adam73@stanton.org,,42,0,2025-11-20 21:20:20,2025-11-08 10:47:25
claytondiaz,1fdc7fbd89aecc97d8017fb0790f0b48846dc3cac3e34d82e729e92dc1b27e77,Recepcionista,tony91@yahoo.com,,,1,2025-11-20 21:20:20,2025-11-15 10:50:58
ubarrett,8c4e346794d3c269897b8dd249f6bac27655c4f9c860061b8c44b71b2431f5a9,Entrenador,renee77@gill.com,,24,0,2025-11-20 21:20:20,2025-11-17 09:16:52
harrisscott,ec7bfadcb39f0981d5f5d755e1511a1d942d21b7b0c28a4d0d6e6bffd771b695,Recepcionista,benjamin16@yahoo.com,,,1,2025-11-20 21:20:20,2025-11-07 09:25:12
autumnsmith,abfbf04b8419286b439bf52d29671f44be7952080d5641935a8ddf49c4e33082,Recepcionista,marie10@james-campbell.com,,,0,2025-11-20 21:20:20,2025-11-01 07:16:37
cunninghamwendy,f76b839322c99da1b823c24cc81f4f1fadad123dcc2c73a6a46f71d8e5436fd8,Administrador,zcain@davis.info,,,1,2025-11-20 21:20:20,2025-11-17 15:52:38
devonharmon,46aace7b1cc64d82bd81e34fb9c05fa6be65a1952de44ec9f2e90a292ff609d7,Administrador,christopher98@gmail.com,,,0,2025-11-20 21:20:20,2025-11-09 21:06:59
wmyers,a75605a1ea978fdb3f61ab876f0f972664ce75a24197fd0b30d4e175f7e630ce,Administrador,fmiller@baker.biz,,,1,2025-11-20 21:20:20,2025-11-08 21:08:40
alexander61,067cdd19b47fc6ea08f95c1056b16b5e6a55414489937a18736637ea64347cb6,Administrador,clementsjoseph@camacho.com,,,0,2025-11-20 21:20:20,2025-11-19 03:07:42
ianmiller,aac31a092154a02efc02b4b4ff3b933390e07b430a1090eccbd14bc3d6b9886c,Socio,xsmall@hubbard-ramirez.com,81,,1,2025-11-20 21:20:20,2025-11-20 05:27:02
xgarcia,63b9dcc6638bd6b48f72fba4108a0cfe1f928691d74ca16249fe17e22181b167,Recepcionista,stephanie11@baker.com,,,0,2025-11-20 21:20:20,2025-11-18 19:25:24
jasonmartin,589185075775b9fe9cdeb02995ede38a968205cafec188ae9d616c18d97b7caf,Socio,omarshall@yahoo.com,61,,0,2025-11-20 21:20:20,2025-11-08 01:41:52
jennyfarley,562acd713e02f520d95fe4ea0dbae42a583091084193f383fe9a89dacc3c2945,Entrenador,jgonzalez@diaz.com,,91,1,2025-11-20 21:20:20,2025-10-22 02:47:31
jessicanelson,404ecf6782b72ad7afd7bfb47090c7cbb3a90c6dd3160eb235c784cea981d142,Socio,megan51@hanson.com,44,,0,2025-11-20 21:20:20,2025-10-28 07:52:32
rhoffman,ba2c99549ba4eaa5372e90b187575df3db5753faa664b18090823a14c83cc63c,Socio,kimberlymartinez@garcia.com,84,,1,2025-11-20 21:20:20,2025-11-07 21:24:05
christopher62,0c7546ac79d069c358885894c70b64ce7f3abc09b1865b2e1f78d282a56f6787,Recepcionista,christinachang@hotmail.com,,,1,2025-11-20 21:20:20,2025-10-27 00:23:11
mcgrathjasmin,5547ad0c00ef25364b8140c64bee57c2e5fa5b357aa2b6385621f6109b142b40,Socio,hillann@wilson.com,39,,0,2025-11-20 21:20:20,2025-11-07 15:20:26
vwilliams,d93fdaa41ce61375d6b55766c118c97106e48ec06cb89e6ee9927644e23a8910,Socio,debramercado@hotmail.com,46,,1,2025-11-20 21:20:20,2025-11-18 15:21:55
amyhunt,d0e5cbcbcec8de979881192836269d60034cc135b00e359306a72b638bd0cae2,Entrenador,connie53@gmail.com,,49,1,2025-11-20 21:20:20,2025-10-25 04:41:24
garciamichael,35ed204a7838bed020f42704701c43df8d0c3c158c3b3f9077b906abe0cc09d9,Entrenador,joseph24@freeman-mcdonald.com,,81,1,2025-11-20 21:20:20,2025-11-20 18:44:29
laurielester,4e2228331b55354ced386677a9edb03c68460e20aac4d4e2f5bd7b8830e33ff9,Recepcionista,nicole90@gmail.com,,,0,2025-11-20 21:20:20,2025-11-12 18:20:30
perryrhonda,260b85efb0d18ca971d6cf25ccdb4310a73f0f2967f495b6400ca1617529cd5f,Recepcionista,donald42@rodriguez.com,,,1,2025-11-20 21:20:20,2025-10-29 22:17:24
jsanford,f3d6c8181970afe806a14041b4419ad933c7bdc5a7ac2d66f6f9bb1296c7e023,Administrador,justingray@hotmail.com,,,1,2025-11-20 21:20:20,2025-10-30 11:24:36
myersjulie,aa2e6a7a8738640fe577b17610c1e69935e954dffabf4187f8fdbffe29f1436c,Socio,uhall@yahoo.com,53,,0,2025-11-20 21:20:20,2025-11-17 07:13:51
ianthony,c5d8208f6a0b1e94de509fdb5fb6a6f62fefbbd74ba1e07f6b8092e759b4aaba,Socio,gatesbelinda@hotmail.com,71,,1,2025-11-20 21:20:20,2025-11-15 07:40:10
brentlopez,04c9873c8cc9e04a59971bb899b93bc07148cbac58713e65f8555f3a15f310f4,Socio,hannah81@yahoo.com,89,,0,2025-11-20 21:20:20,2025-11-01 18:52:06
shane21,8e7cd93aee1098882672f59d321a204d3137177174fa4b3008c75c698f2b70d7,Administrador,paul05@woods.com,,,0,2025-11-20 21:20:20,2025-10-23 15:06:22
bhunter,738b8beb194d290a91eea3c430bced9233b0d0d81db48018bb041b26a92876a0,Socio,jjackson@ramos-fritz.com,14,,0,2025-11-20 21:20:20,2025-10-29 06:31:27
hmurray,d5071933fe27cc7dc7ce9e21e4291d8ecfbc3c9542cbced8b810b8401d2fee3f,Socio,racheldavis@mitchell.com,84,,0,2025-11-20 21:20:20,2025-11-13 14:34:13
jasonlin,c8cbacb19d87426fb5a4247bbb9ed946c52a5f7d09572b1440b84eab23ccec48,Socio,johnsoncrystal@yahoo.com,20,,0,2025-11-20 21:20:20,2025-11-18 00:44:25
erin59,209a2f5b874cb018219365a89d1bc45a3b969e69a4baa3b7d1262315a3597210,Administrador,leejon@yahoo.com,,,1,2025-11-20 21:20:20,2025-11-02 22:46:43
victoriagoodman,4d50d72f4a03b0c9db6bbd07d4cb5806ae001fab0736c67534693439fd51174c,Entrenador,joe32@yahoo.com,,69,1,2025-11-20 21:20:20,2025-11-13 00:47:24
wbarnett,f1e87c8c101068f5bce9a18d3fbfd6c74ed02cc7ece797616d0a5d7ae61f8ddd,Administrador,nicholas98@yahoo.com,,,1,2025-11-20 21:20:20,2025-11-11 23:49:55
sarah40,5e970f0317171239bf6c26add4a285427886eb578413520dfd2f0e30f86637ed,Socio,bbeard@yahoo.com,93,,1,2025-11-20 21:20:20,2025-10-29 10:58:21
andre62,133a71381f2d0812ca3415bb445577f400c09e7ec28ee959e3331e2078561743,Administrador,vsantana@massey.com,,,1,2025-11-20 21:20:20,2025-11-19 19:18:05
emily11,e24be6b9f808186d290f5e27e7735eb4d86f42b82940fd0a9eba8bb1e28d3c55,Entrenador,beth41@gmail.com,,24,1,2025-11-20 21:20:20,2025-11-18 18:09:30
hicksderek,cb1a270ffab1edfc11f05b06292ff0c2a6de751b7b746a8d3e64681680ef73d4,Recepcionista,lori51@lewis.net,,,0,2025-11-20 21:20:20,2025-11-20 00:52:44
emilyanderson,fd9363863db97a076e57f3a49abcb658dd1488b1311d35e2f3884907134c3b6d,Administrador,william80@yahoo.com,,,1,2025-11-20 21:20:20,2025-11-08 12:25:16
wadams,a3d1d299c6c84e6dc04a6f7bc93ad8edf447627e35f311863ad87dbe9fe0ac1d,Administrador,eddie04@hotmail.com,,,1,2025-11-20 21:20:20,2025-10-31 11:29:44
christopher09,4add0b21aa3c268a677abec58d3a575f403598923541a9b8f6896862720cfc01,Administrador,kim94@gmail.com,,,1,2025-11-20 21:20:20,2025-11-18 15:27:26
brittany26,5dd04a0d39764a1605e52d7e0999e845a140c2a019cb1efe2e7a9e34798d9c9e,Administrador,mark86@gmail.com,,,0,2025-11-20 21:20:20,2025-11-11 07:25:08
urobertson,f5aacdfba283b292c5bd02ff6b24ef31528cdf7238511249f730e5f4ba6eb904,Administrador,tunderwood@gmail.com,,,0,2025-11-20 21:20:20,2025-10-28 06:34:40
taylordavid,52efd8f5a21cc529ced65edbdd945747099e6f86bd7b47cc8ba8831eb419a9c2,Recepcionista,murphysarah@roberts.net,,,0,2025-11-20 21:20:20,2025-11-09 12:46:02
jensenjeffrey,cc20df41076861fed7617208f5af17e97918438cc1be1929159738c9f6cd5a88,Administrador,jasminemedina@yahoo.com,,,0,2025-11-20 21:20:20,2025-11-14 19:55:35
isullivan,fd16664fdf214ed748c755deb6dbb60964f5a51b7c4bc8717ef464d7bf616b0d,Socio,jason72@james-fletcher.com,51,,0,2025-11-20 21:20:20,2025-11-09 20:02:27
yphillips,5c1c590e7f91f8f946901438912b95f9c3278b29216a7da27c04abb86afb1df0,Recepcionista,james51@yahoo.com,,,1,2025-11-20 21:20:20,2025-10-23 01:52:11
christopher11,68c79201215373893d5fbcc26919f7c5464bedb9992d9bad1f4dc853937c713c,Entrenador,williamssandra@howard.com,,32,0,2025-11-20 21:20:20,2025-11-03 14:51:14
carlelliott,232b83042dea04a069e9094e83d52f83877a992c69cca889ebb95cb8c2567bf0,Socio,christopherholloway@morrison.com,46,,1,2025-11-20 21:20:20,2025-11-09 11:37:25
danielle36,f17d991eca9bfa43a667da50fd3e71d33183e73904293d32aeb229ee671a6993,Socio,icruz@yahoo.com,70,,1,2025-11-20 21:20:20,2025-11-04 02:27:26
allison31,c8687565dbac623dea19d804d2dc871aca592762b24a9ed3fe1aff89ce6cf64f,Administrador,owensmichele@green-reynolds.com,,,1,2025-11-20 21:20:20,2025-11-15 02:10:31
anthonywatson,f1ba85af1464fb2be5b2c57192f08995b5ac156130cf282cf31e22096e7072d4,Entrenador,aprilolsen@carney.com,,34,1,2025-11-20 21:20:20,2025-10-25 23:00:29
luisanderson,318bf0ca6704e98a0ec3ed3f0d7b134fefbf1b664d2a528ad7be161ef1348cc7,Administrador,larryspencer@gmail.com,,,1,2025-11-20 21:20:20,2025-10-31 10:09:00
claudiamoore,f4d88d67882fc355d1fa4e9bbd06cc1671a4024497e22a271edceb502d8e31ff,Recepcionista,sriley@miller-nicholson.com,,,0,2025-11-20 21:20:20,2025-11-09 23:26:12
christopherjohnson,a88a6ab75de94c2c0e8143a50c96c3b96fcfb3c098868b6e3e8444e95bca5fcd,Entrenador,sarahcollins@yahoo.com,,22,0,2025-11-20 21:20:20,2025-10-27 18:35:10
gilestodd,049e331f72041cfb36819eb2f0ac367fd70f34c6c22ce3c2df3ba7a4a28d2b17,Administrador,ymorales@hotmail.com,,,1,2025-11-20 21:20:20,2025-10-27 03:06:18
hubernichole,144967ae591fcab716b3012d674206c3211ebfbf24b4b87a01b14882affcf1c7,Socio,gpayne@gallagher.com,55,,0,2025-11-20 21:20:20,2025-11-10 19:09:26
brianbishop,bb5aaf12cf9c6b78ab969379c196601e9755b182824914801657328d6a6a6b07,Socio,mhamilton@thomas-avery.com,85,,1,2025-11-20 21:20:20,2025-11-20 05:30:28
martinraymond,44139a8ed1b88c32d11f9b932514d47d0542e47d9ce683a6d07b81c47d91384d,Socio,timothy67@hotmail.com,46,,0,2025-11-20 21:20:20,2025-11-05 15:27:46
nancy57,abda03fd50f0752a33a7460873adb95e3890c266ff962149f81cb3cdbe22d568,Entrenador,krista11@bruce.org,,99,1,2025-11-20 21:20:20,2025-10-23 09:54:33
ffitzgerald,ec71b59e0620f57dd3e036ea9a0f616cb7139325bcf8c936ed7ff8fba0befcb2,Entrenador,jason84@gmail.com,,14,0,2025-11-20 21:20:20,2025-11-05 14:36:22
hgreen,b39ed1b81855c34d1eec53921ea6e032f3f9d61c1099fc723d3f179b1d726065,Socio,seanmartinez@hotmail.com,63,,0,2025-11-20 21:20:20,2025-11-04 18:10:27
terrihood,1f4dacecb009596ac76b82c5f0c229b94809a2da00b6f4c0d1648339254c2f16,Socio,spencer35@yahoo.com,12,,0,2025-11-20 21:20:20,2025-11-15 11:07:00
luis80,7c61b188258dc666cfc03f9a8216707b6b7cb6448fb98119c2c766268cebdbda,Administrador,zblake@ramirez.info,,,1,2025-11-20 21:20:20,2025-11-07 18:24:26
acole,330b63d5e6b4c2c161a00be86d82203ef30537ce813fb363ab2baa32cd28ee61,Recepcionista,travisandrade@curtis.com,,,0,2025-11-20 21:20:20,2025-11-04 22:22:38
rita13,8448603769a75262a75740f26491f72f5490cbff0dd09a767229b22f9cf665fe,Administrador,nicholas92@hotmail.com,,,1,2025-11-20 21:20:20,2025-10-25 10:04:28
hectorreeves,7e214a2579bc859f1f11da415f1388e5b2472353902f1b9fff03cd68bb039c4e,Entrenador,xfranklin@gmail.com,,30,1,2025-11-20 21:20:20,2025-10-25 14:38:06
sullivanmichael,6fb6a8506993d7e248bf221eb16b4c0e8b32216ef8a12ea7346ce8facdc83fac,Recepcionista,kimberly53@hotmail.com,,,1,2025-11-20 21:20:20,2025-11-19 23:48:29
beckrichard,34fa8ba8d2ae604a96201d77b2be9b3c86402b236d4f2adf9bb7c0403b75af15,Socio,sharon86@hotmail.com,15,,0,2025-11-20 21:20:20,2025-11-15 08:01:47
jillknight,d7cdd68edfecebafabd8e67f260108abc7a0c1f18efc4c889c063b45ee8113ff,Recepcionista,victor56@smith.net,,,0,2025-11-20 21:20:20,2025-10-31 15:58:54
rollinsrebecca,6f5075c8c1d9e300808fbd4a48e891f856fa6599b19f6582afa798c5e9f5bd86,Socio,phillip50@lawrence.org,18,,0,2025-11-20 21:20:20,2025-11-20 00:12:40
cesar00,3dc807444184febfb9371113d0b8f00c3017f2b5b8aed0543811be01777b88b2,Entrenador,gking@campbell-gray.biz,,60,1,2025-11-20 21:20:20,2025-10-30 06:06:30
jeremy71,cffa02e4380cac2e5620cd82dfe8c82a2ae57ba397dbc3cce215aab00d625f68,Administrador,leonard86@johnson-jones.net,,,1,2025-11-20 21:20:20,2025-10-29 22:23:31
marshallashley,b988610262b1146c549b38097a9d94100cfb1a215119799f96a315390faa6ece,Administrador,cphillips@carter.info,,,0,2025-11-20 21:20:20,2025-11-10 14:05:41
blankenshiptimothy,3f4dd1f3f48f32ac424135c94d1f07f15a1e6548bbf6e40173cdae75f6939efe,Socio,nina04@yahoo.com,21,,1,2025-11-20 21:20:20,2025-10-25 17:46:41
reedkevin,6aa382f4772fc06e937b8881dfa2f1d55556153a67e77c5ddd0b5fdb90e6c9ed,Administrador,nhill@hotmail.com,,,1,2025-11-20 21:20:20,2025-11-15 12:54:27
bowmanjon,82f6e1fd7b95420ca15600b57e8bada0f3043c726da759e1a1e2255d763796ff,Socio,bmartinez@gmail.com,16,,0,2025-11-20 21:20:20,2025-11-15 07:03:55
barry21,431ed3a6339b63214940d763296ffd7fb79c732dc0c7f4cf48748bb18c370504,Socio,ryan89@preston.org,33,,1,2025-11-20 21:20:20,2025-11-06 09:48:26
mbryant,ae6f055575d528548672c117177e689f9cbbd1f2b008673139a97b59555a4934,Socio,torresroberto@wilson-garcia.biz,76,,1,2025-11-20 21:20:20,2025-11-12 14:31:16
derekcosta,e70181a0382b57a228d4df66b6930a219f3584ba91573f95e3b3222b11651a9f,Recepcionista,courtneyleblanc@yahoo.com,,,0,2025-11-20 21:20:20,2025-11-01 13:49:30
johncollins,3c8a52c53107125e27cda095103d6a9d0d5f6a2c1437cfe930f9f1a35492b926,Socio,lisa29@yahoo.com,17,,0,2025-11-20 21:20:20,2025-10-23 09:36:13
wheeleremily,f5aeabece177794a768c35635a33f9fa9c672102bffd559be6ee1995ad1a0740,Entrenador,athompson@gmail.com,,84,0,2025-11-20 21:20:20,2025-10-23 06:34:15
jgutierrez,0e5353abe70350fae3f6327175ccf39cd9964b7261f2800f280d02d3992971c9,Recepcionista,christinacarter@hotmail.com,,,0,2025-11-20 21:20:20,2025-10-22 23:33:24
tjones,4e9a5a3836531332bba1676ffac3540eff3a9d0bfd4396136360531bed5dccbb,Entrenador,victorialambert@hotmail.com,,67,0,2025-11-20 21:20:20,2025-10-22 02:54:23
andersonbrenda,e6e0470773768fa621cc00aa9da76e3e7b5c67d6433eefe748574b8e145ef824,Recepcionista,dharris@gmail.com,,,1,2025-11-20 21:20:20,2025-11-05 07:56:47
trevorevans,ed397f2779abbb86eb704f667a5b5f61d9a0d1fd8fc0d3b25ba68fbd4d4df305,Administrador,daniel19@yahoo.com,,,0,2025-11-20 21:20:20,2025-11-18 02:28:18
derrick27,e97f2b2cd69c00b0f4449c9a3bab7565edc3ec3d39732fd2e82adced531f86cd,Entrenador,fosterjennifer@martin.net,,40,1,2025-11-20 21:20:20,2025-11-16 20:02:30
